I,II,III,aVR,aVL,aVF,V1,V2,V3,V4,V5,V6
-0.04100000,-0.08000000,-0.03900000,0.06000000,-0.00100000,-0.06000000,0.04500000,-0.00500000,0.00500000,-0.05500000,-0.07000000,-0.04000000
-0.03900000,-0.07600000,-0.03700000,0.05800000,-0.00100000,-0.05700000,0.04500000,-0.00700000,0.00100000,-0.05500000,-0.07000000,-0.04000000
-0.01800000,-0.06900000,-0.05100000,0.04300000,0.01700000,-0.05900000,0.04500000,-0.01300000,-0.00600000,-0.05500000,-0.07300000,-0.04500000
-0.01300000,-0.06300000,-0.05000000,0.03800000,0.01900000,-0.05600000,0.04500000,-0.01600000,-0.01200000,-0.05800000,-0.07700000,-0.04900000
-0.02000000,-0.05500000,-0.03400000,0.03800000,0.00700000,-0.04400000,0.04500000,-0.02100000,-0.01900000,-0.06200000,-0.07900000,-0.05600000
-0.01000000,-0.05100000,-0.04100000,0.03100000,0.01600000,-0.04500000,0.04400000,-0.02600000,-0.02500000,-0.06700000,-0.08400000,-0.06000000
-0.03400000,-0.04900000,-0.01500000,0.04200000,-0.01000000,-0.03100000,0.04100000,-0.02900000,-0.03000000,-0.06900000,-0.08400000,-0.05100000
-0.04700000,-0.05200000,-0.00500000,0.04900000,-0.02100000,-0.02900000,0.03600000,-0.03000000,-0.03000000,-0.08200000,-0.09200000,-0.06500000
-0.01900000,-0.05700000,-0.03800000,0.03800000,0.01000000,-0.04700000,0.03400000,-0.03000000,-0.03000000,-0.09100000,-0.10100000,-0.07600000
-0.03000000,-0.04700000,-0.01700000,0.03900000,-0.00600000,-0.03200000,0.02800000,-0.03000000,-0.03000000,-0.08200000,-0.09300000,-0.06600000
-0.04600000,-0.03400000,0.01200000,0.04000000,-0.02900000,-0.01000000,0.02700000,-0.03000000,-0.03000000,-0.08000000,-0.09000000,-0.06300000
-0.02800000,-0.03000000,-0.00200000,0.02900000,-0.01300000,-0.01500000,0.02300000,-0.03200000,-0.03200000,-0.07500000,-0.08600000,-0.05600000
-0.01900000,-0.03100000,-0.01200000,0.02500000,-0.00400000,-0.02100000,0.02900000,-0.03800000,-0.03600000,-0.06900000,-0.07900000,-0.05100000
-0.05000000,-0.02700000,0.02200000,0.03800000,-0.03600000,-0.00200000,0.04000000,-0.04200000,-0.03800000,-0.08700000,-0.09200000,-0.06300000
-0.03700000,-0.02500000,0.01200000,0.03100000,-0.02400000,-0.00700000,0.02000000,-0.04500000,-0.04100000,-0.09700000,-0.10600000,-0.07200000
-0.02200000,-0.02300000,-0.00200000,0.02300000,-0.01000000,-0.01200000,0.01300000,-0.05100000,-0.04400000,-0.09700000,-0.10400000,-0.07200000
-0.02800000,-0.03100000,-0.00200000,0.02900000,-0.01300000,-0.01600000,0.01700000,-0.05700000,-0.04600000,-0.10200000,-0.10500000,-0.07600000
-0.02000000,-0.03600000,-0.01600000,0.02800000,-0.00200000,-0.02600000,0.01400000,-0.06300000,-0.04900000,-0.10400000,-0.10500000,-0.07900000
-0.05400000,-0.02300000,0.03100000,0.03800000,-0.04300000,0.00400000,0.01600000,-0.06500000,-0.05000000,-0.10600000,-0.10500000,-0.08100000
-0.07200000,-0.01900000,0.05300000,0.04500000,-0.06200000,0.01700000,0.01700000,-0.06700000,-0.05000000,-0.10900000,-0.10500000,-0.08400000
-0.06900000,-0.02100000,0.04800000,0.04500000,-0.05900000,0.01400000,0.01600000,-0.07000000,-0.05000000,-0.11000000,-0.10500000,-0.08600000
-0.07200000,-0.01900000,0.05300000,0.04500000,-0.06200000,0.01700000,0.01500000,-0.07100000,-0.05000000,-0.11000000,-0.11500000,-0.09000000
-0.07700000,-0.02100000,0.05600000,0.04800000,-0.06600000,0.01700000,0.01500000,-0.07200000,-0.04800000,-0.11000000,-0.11500000,-0.08800000
-0.07300000,-0.01900000,0.05300000,0.04500000,-0.06300000,0.01600000,0.01500000,-0.06600000,-0.04100000,-0.11000000,-0.10700000,-0.08100000
-0.06800000,-0.01300000,0.05500000,0.04000000,-0.06100000,0.02000000,0.01500000,-0.06100000,-0.03600000,-0.10700000,-0.10100000,-0.07700000
-0.04300000,0.00000000,0.04300000,0.02100000,-0.04300000,0.02100000,0.01200000,-0.05600000,-0.03100000,-0.09900000,-0.09400000,-0.07100000
-0.01400000,0.03800000,0.05300000,-0.01200000,-0.03400000,0.04500000,0.01000000,-0.05000000,-0.02500000,-0.09200000,-0.08800000,-0.06500000
-0.02400000,0.06100000,0.08500000,-0.01800000,-0.05500000,0.07300000,0.01100000,-0.04500000,-0.02100000,-0.08200000,-0.08200000,-0.06000000
0.00700000,0.08800000,0.08100000,-0.04800000,-0.03700000,0.08400000,0.00500000,-0.04000000,-0.00100000,-0.07700000,-0.08000000,-0.05500000
0.03600000,0.11300000,0.07700000,-0.07500000,-0.02000000,0.09500000,0.00600000,-0.03900000,0.01800000,-0.08000000,-0.08000000,-0.05500000
0.05100000,0.09900000,0.04700000,-0.07500000,0.00100000,0.07300000,0.00300000,-0.03800000,0.01300000,-0.08000000,-0.08000000,-0.05300000
0.04800000,0.09100000,0.04200000,-0.07000000,0.00300000,0.06600000,-0.02000000,-0.03100000,0.01100000,-0.08000000,-0.08000000,-0.05100000
0.03800000,0.08000000,0.04200000,-0.05900000,-0.00200000,0.06100000,-0.03300000,-0.04700000,-0.00600000,-0.08000000,-0.07900000,-0.04800000
0.03400000,0.07000000,0.03700000,-0.05300000,-0.00100000,0.05300000,-0.02900000,-0.05400000,-0.03100000,-0.08000000,-0.08600000,-0.05500000
0.00000000,0.06300000,0.06300000,-0.03100000,-0.03200000,0.06300000,-0.03000000,-0.07200000,-0.04700000,-0.09500000,-0.10000000,-0.07400000
-0.03900000,0.05400000,0.09300000,-0.00700000,-0.06700000,0.07300000,-0.02600000,-0.09600000,-0.07000000,-0.12200000,-0.13300000,-0.10000000
-0.06500000,0.05600000,0.12100000,0.00400000,-0.09300000,0.08800000,-0.02300000,-0.10500000,-0.08100000,-0.13900000,-0.15300000,-0.11700000
-0.05900000,0.05400000,0.11300000,0.00200000,-0.08700000,0.08300000,-0.02700000,-0.10900000,-0.08200000,-0.14399999,-0.14800000,-0.11300000
-0.06800000,0.05600000,0.12400000,0.00600000,-0.09600000,0.08900000,-0.01400000,-0.09700000,-0.07500000,-0.14100000,-0.15300000,-0.11700000
-0.07000000,0.05100000,0.12100000,0.00900000,-0.09600000,0.08600000,-0.01500000,-0.11800000,-0.08800000,-0.14000000,-0.15500000,-0.11300000
-0.08300000,0.04400000,0.12700000,0.01900000,-0.10500000,0.08500000,0.00000000,-0.08800000,-0.06900000,-0.13500001,-0.15400000,-0.12100000
-0.09000000,0.03900000,0.12800001,0.02500000,-0.10900000,0.08300000,-0.00100000,-0.12600000,-0.09000000,-0.13500001,-0.15300000,-0.12700000
-0.10000000,0.02800000,0.12800001,0.03600000,-0.11400000,0.07800000,0.00900000,-0.07900000,-0.05900000,-0.12899999,-0.14399999,-0.12400000
-0.10800000,0.02800000,0.13600001,0.04000000,-0.12200000,0.08200000,0.03700000,-0.05800000,-0.05400000,-0.12800001,-0.15400000,-0.13699999
-0.11500000,0.00200000,0.11700000,0.05600000,-0.11700000,0.05900000,0.07700000,0.08100000,0.02800000,-0.09400000,-0.15000001,-0.14900000
0.04400000,0.11500000,0.07100000,-0.08000000,-0.01400000,0.09300000,0.05600000,0.41200000,0.51099998,0.34099999,0.20600000,0.08500000
0.80400002,0.41499999,-0.38900000,-0.60900003,0.59600002,0.01300000,-0.43099999,0.34799999,0.92500001,1.01300001,0.88599998,0.70800000
1.03799999,0.52999997,-0.50800002,-0.78399998,0.77300000,0.01100000,-0.87300003,-0.59299999,0.15300000,0.49500000,0.63900000,0.73900002
0.28000000,0.28700000,0.00700000,-0.28400001,0.13600001,0.14700000,-0.92100000,-2.10400009,-1.51699996,-0.92199999,-0.47600001,-0.04000000
-0.08100000,0.01500000,0.09600000,0.03300000,-0.08800000,0.05500000,-0.76700002,-1.89800000,-1.66299999,-1.18799996,-0.81199998,-0.40300000
-0.03500000,0.04100000,0.07600000,-0.00400000,-0.05600000,0.05900000,-0.39199999,-0.74599999,-0.73500001,-0.62300003,-0.47400001,-0.26800001
-0.01200000,0.13000000,0.14200000,-0.06000000,-0.07700000,0.13600001,-0.16100000,-0.31200001,-0.31700000,-0.30399999,-0.25099999,-0.16500001
-0.00900000,0.10300000,0.11200000,-0.04700000,-0.06100000,0.10700000,-0.07100000,-0.05500000,-0.09800000,-0.16400000,-0.15600000,-0.11600000
-0.02400000,0.10900000,0.13200000,-0.04300000,-0.07800000,0.12100000,-0.03400000,-0.03000000,-0.05300000,-0.11900000,-0.12400000,-0.10200000
0.00000000,0.14500000,0.14399999,-0.07200000,-0.07200000,0.14399999,-0.04000000,0.01200000,-0.01300000,-0.10000000,-0.10500000,-0.09700000
0.00100000,0.15899999,0.15800001,-0.08000000,-0.07900000,0.15800001,-0.02600000,0.02900000,0.01600000,-0.08900000,-0.10200000,-0.09300000
0.00800000,0.16800000,0.16000000,-0.08800000,-0.07600000,0.16400000,-0.02900000,0.04200000,0.02500000,-0.06800000,-0.09400000,-0.08600000
0.00200000,0.16300000,0.16100000,-0.08200000,-0.08000000,0.16100000,-0.02000000,0.07100000,0.05500000,-0.05800000,-0.08700000,-0.08100000
0.00600000,0.15400000,0.14800000,-0.08000000,-0.07200000,0.15099999,-0.01800000,0.07000000,0.06400000,-0.05200000,-0.07900000,-0.07600000
0.01600000,0.18099999,0.16500001,-0.09900000,-0.07400000,0.17299999,-0.03200000,0.10400000,0.08000000,-0.03700000,-0.06500000,-0.06900000
0.01700000,0.19300000,0.17600000,-0.10500000,-0.08000000,0.18500000,-0.04200000,0.11000000,0.08700000,-0.01800000,-0.05500000,-0.06300000
0.03500000,0.18700001,0.15200000,-0.11100000,-0.05900000,0.17000000,-0.04000000,0.15000001,0.12000000,-0.00300000,-0.03900000,-0.05500000
0.04000000,0.19300000,0.15200000,-0.11700000,-0.05600000,0.17200001,-0.04000000,0.18799999,0.14399999,0.00500000,-0.02800000,-0.04800000
0.04600000,0.18600000,0.14000000,-0.11700000,-0.04700000,0.16300000,-0.04000000,0.23199999,0.18700001,0.04400000,-0.00700000,-0.02700000
0.07700000,0.21300000,0.13600001,-0.14500000,-0.03000000,0.17500000,-0.03900000,0.28700000,0.23600000,0.07900000,0.01600000,-0.00800000
0.12400000,0.25400001,0.13000000,-0.18900000,-0.00300000,0.19200000,-0.03600000,0.34999999,0.28200001,0.11100000,0.04000000,0.00600000
0.14300001,0.26199999,0.11900000,-0.20299999,0.01200000,0.19000000,-0.03100000,0.44400001,0.35400000,0.15700001,0.07600000,0.03200000
0.15500000,0.29400000,0.13900000,-0.22499999,0.00800000,0.21699999,-0.02900000,0.53299999,0.42300001,0.20100001,0.11800000,0.05900000
0.21799999,0.33600000,0.11700000,-0.27700001,0.05000000,0.22600000,-0.02400000,0.62599999,0.49700001,0.26499999,0.17200001,0.10700000
0.24300000,0.34900001,0.10700000,-0.29600000,0.06800000,0.22800000,-0.02000000,0.71399999,0.57300001,0.32600001,0.22200000,0.14700000
0.23600000,0.36600000,0.13000000,-0.30100000,0.05200000,0.24800000,-0.02200000,0.74699998,0.62000000,0.36899999,0.25700000,0.16700000
0.26499999,0.39100000,0.12600000,-0.32900000,0.06900000,0.25799999,-0.02500000,0.74699998,0.63099998,0.39800000,0.28900000,0.19300000
0.27900001,0.38999999,0.11100000,-0.33399999,0.08300000,0.25000000,-0.02800000,0.68099999,0.61500001,0.38900000,0.29499999,0.18900000
0.23100001,0.36700001,0.13600001,-0.29899999,0.04800000,0.25099999,-0.03800000,0.53299999,0.53500003,0.34700000,0.25500000,0.16200000
0.15300000,0.33800000,0.18500000,-0.24600001,-0.01600000,0.26100001,-0.04600000,0.34299999,0.38299999,0.24600001,0.18099999,0.11400000
0.09300000,0.29200000,0.19800000,-0.19300000,-0.05300000,0.24500000,-0.04300000,0.17800000,0.23199999,0.12899999,0.08900000,0.04800000
0.03100000,0.26400000,0.23400000,-0.14800000,-0.10200000,0.24900000,-0.05300000,0.04900000,0.10800000,0.02500000,-0.00300000,-0.01200000
0.01600000,0.25799999,0.24200000,-0.13699999,-0.11400000,0.25000000,-0.06600000,-0.03800000,0.03400000,-0.04600000,-0.05700000,-0.05800000
0.00400000,0.24200000,0.23700000,-0.12300000,-0.11700000,0.23899999,-0.06000000,-0.08500000,-0.01000000,-0.08700000,-0.09500000,-0.10200000
-0.02600000,0.22700000,0.25200000,-0.10100000,-0.13900000,0.23899999,-0.05500000,-0.11800000,-0.05700000,-0.12200000,-0.12200000,-0.12600000
-0.00800000,0.21400000,0.22200000,-0.10300000,-0.11600000,0.21799999,-0.05200000,-0.11100000,-0.07300000,-0.12300000,-0.12700000,-0.12400000
-0.03900000,0.20500000,0.24400000,-0.08300000,-0.14200000,0.22400001,-0.04500000,-0.11700000,-0.07000000,-0.12700000,-0.13300000,-0.12700000
-0.06900000,0.19000000,0.25900000,-0.06100000,-0.16400000,0.22400001,-0.04800000,-0.13699999,-0.07000000,-0.13100000,-0.13500001,-0.13100000
-0.04800000,0.18900000,0.23700000,-0.07100000,-0.14300001,0.21300000,-0.05000000,-0.13900000,-0.07000000,-0.13300000,-0.13500001,-0.13000000
-0.04600000,0.20100001,0.24699999,-0.07800000,-0.14700000,0.22400001,-0.04900000,-0.14100000,-0.06900000,-0.13500001,-0.13500001,-0.13000000
-0.05200000,0.20900001,0.26100001,-0.07800000,-0.15700001,0.23500000,-0.05400000,-0.13900000,-0.07600000,-0.14300001,-0.14900000,-0.14100000
-0.05700000,0.22499999,0.28200001,-0.08500000,-0.17000000,0.25400001,-0.05500000,-0.14100000,-0.08800000,-0.15700001,-0.15700001,-0.14600000
-0.04700000,0.22000000,0.26699999,-0.08700000,-0.15700001,0.24300000,-0.05100000,-0.14000000,-0.09400000,-0.15400000,-0.15400000,-0.14600000
-0.05700000,0.21500000,0.27200001,-0.07900000,-0.16500001,0.24300000,-0.04700000,-0.14399999,-0.09500000,-0.15500000,-0.15300000,-0.15000001
-0.07600000,0.21200000,0.28900000,-0.06900000,-0.18300000,0.25000000,-0.04400000,-0.14500000,-0.09600000,-0.15500000,-0.14900000,-0.15000001
-0.07400000,0.20299999,0.27700001,-0.06500000,-0.17600000,0.23999999,-0.03800000,-0.14500000,-0.09400000,-0.15800001,-0.15000001,-0.15500000
-0.06600000,0.21900000,0.28500000,-0.07700000,-0.17600000,0.25200000,-0.04500000,-0.15000001,-0.09600000,-0.16100000,-0.15300000,-0.15500000
-0.05700000,0.23100001,0.28700000,-0.08700000,-0.17200001,0.25900000,-0.04700000,-0.15000001,-0.09500000,-0.15899999,-0.16200000,-0.15600000
-0.06900000,0.22400001,0.29300001,-0.07800000,-0.18200000,0.25799999,-0.04700000,-0.15099999,-0.09500000,-0.16100000,-0.16400000,-0.16000000
-0.07700000,0.21900000,0.29600000,-0.07100000,-0.18700001,0.25700000,-0.07200000,-0.14900000,-0.11600000,-0.16000000,-0.16000000,-0.15899999
-0.04600000,0.25099999,0.29699999,-0.10300000,-0.17200001,0.27399999,-0.07600000,-0.15800001,-0.12200000,-0.16000000,-0.16000000,-0.16200000
-0.02400000,0.26899999,0.29300001,-0.12300000,-0.15899999,0.28099999,-0.07400000,-0.16599999,-0.11900000,-0.16000000,-0.16000000,-0.16500001
-0.02800000,0.26199999,0.28999999,-0.11700000,-0.15899999,0.27500001,-0.07500000,-0.16400000,-0.12000000,-0.15899999,-0.16000000,-0.16800000
-0.01900000,0.26699999,0.28700000,-0.12400000,-0.15400000,0.27700001,-0.07500000,-0.17700000,-0.12000000,-0.17100000,-0.15899999,-0.17100000
-0.02000000,0.26199999,0.28200001,-0.12100000,-0.15099999,0.27200001,-0.07400000,-0.18099999,-0.11900000,-0.18099999,-0.16700000,-0.17399999
-0.04500000,0.26899999,0.31400001,-0.11200000,-0.18000001,0.29100001,-0.06900000,-0.18000001,-0.11500000,-0.17900001,-0.17900001,-0.17500000
-0.09200000,0.23600000,0.32800001,-0.07300000,-0.21100000,0.28200001,-0.08600000,-0.17900001,-0.11500000,-0.18300000,-0.17600000,-0.17500000
-0.10000000,0.22300000,0.32300001,-0.06200000,-0.21200000,0.27200001,-0.09100000,-0.19200000,-0.11500000,-0.18500000,-0.17399999,-0.17500000
-0.08400000,0.24300000,0.32600001,-0.08000000,-0.20500000,0.28400001,-0.08600000,-0.20700000,-0.11600000,-0.18500000,-0.17500000,-0.17500000
-0.09600000,0.22800000,0.32400000,-0.06700000,-0.20999999,0.27599999,-0.08500000,-0.19900000,-0.11300000,-0.18099999,-0.17399999,-0.17500000
-0.07700000,0.24900000,0.32600001,-0.08700000,-0.20100001,0.28700000,-0.08000000,-0.19599999,-0.12700000,-0.17399999,-0.17600000,-0.17500000
-0.05700000,0.26699999,0.32400000,-0.10500000,-0.19100000,0.29499999,-0.07900000,-0.19100000,-0.13699999,-0.16800000,-0.17299999,-0.17200001
-0.06000000,0.26600000,0.32600001,-0.10300000,-0.19400001,0.29600000,-0.07600000,-0.18600000,-0.12400000,-0.16100000,-0.16800000,-0.16400000
-0.06200000,0.25999999,0.32200000,-0.09900000,-0.19300000,0.29100001,-0.07400000,-0.18300000,-0.11300000,-0.15400000,-0.16100000,-0.15600000
-0.03500000,0.30500001,0.34000000,-0.13500001,-0.18799999,0.32300001,-0.06900000,-0.17800000,-0.09900000,-0.14800000,-0.15800001,-0.14800000
-0.02100000,0.34299999,0.36399999,-0.16100000,-0.19300000,0.35299999,-0.06800000,-0.17500000,-0.08400000,-0.13600001,-0.14300001,-0.14100000
-0.02500000,0.33199999,0.35699999,-0.15400000,-0.19200000,0.34500000,-0.06200000,-0.16700000,-0.07200000,-0.12000000,-0.12400000,-0.14399999
-0.00500000,0.35699999,0.36100000,-0.17600000,-0.18300000,0.35900000,-0.07300000,-0.16500001,-0.06800000,-0.11800000,-0.12500000,-0.14500000
-0.01000000,0.33800000,0.34799999,-0.16400000,-0.18000001,0.34299999,-0.10700000,-0.15400000,-0.06400000,-0.12200000,-0.12400000,-0.14600000
0.00500000,0.34999999,0.34599999,-0.17800000,-0.17100000,0.34799999,-0.11200000,-0.16800000,-0.07900000,-0.13400000,-0.13500001,-0.15099999
0.03400000,0.36000001,0.32600001,-0.19800000,-0.14600000,0.34299999,-0.11000000,-0.19900000,-0.10500000,-0.14500000,-0.14800000,-0.14900000
0.00100000,0.31400001,0.31299999,-0.15700001,-0.15600000,0.31299999,-0.11000000,-0.19300000,-0.11200000,-0.15200000,-0.15600000,-0.15300000
-0.05100000,0.32699999,0.37799999,-0.13800000,-0.21500000,0.35299999,-0.10700000,-0.21799999,-0.14800000,-0.18500000,-0.18000001,-0.17600000
-0.06200000,0.34000000,0.40200001,-0.13900000,-0.23199999,0.37099999,-0.10400000,-0.22800000,-0.16800000,-0.20700000,-0.20200001,-0.19700000
-0.05600000,0.33000001,0.38600001,-0.13699999,-0.22100000,0.35800001,-0.10500000,-0.23300000,-0.18000001,-0.20999999,-0.20600000,-0.20000000
-0.05600000,0.32600001,0.38299999,-0.13600001,-0.22000000,0.35400000,-0.10100000,-0.22800000,-0.18200000,-0.21500000,-0.20500000,-0.19900000
-0.05700000,0.31900001,0.37599999,-0.13100000,-0.21600001,0.34700000,-0.09800000,-0.23800001,-0.18300000,-0.21500000,-0.20500000,-0.20100001
-0.05100000,0.31099999,0.36300001,-0.13000000,-0.20700000,0.33700001,-0.10400000,-0.23500000,-0.18000001,-0.21500000,-0.20400000,-0.19800000
-0.08100000,0.30800000,0.38900000,-0.11400000,-0.23500000,0.34799999,-0.09200000,-0.22499999,-0.16900000,-0.21500000,-0.20500000,-0.20200001
-0.09000000,0.29499999,0.38600001,-0.10200000,-0.23800001,0.34000000,-0.11200000,-0.23500000,-0.18300000,-0.21600001,-0.20900001,-0.20200001
-0.09000000,0.30100000,0.39100000,-0.10600000,-0.24100000,0.34599999,-0.07200000,-0.19000000,-0.14700000,-0.21300000,-0.22400001,-0.21400000
-0.10600000,0.27500001,0.38100001,-0.08500000,-0.24400000,0.32800001,-0.04200000,-0.17200001,-0.16100000,-0.21799999,-0.23100001,-0.24699999
-0.12200000,0.27500001,0.39700001,-0.07700000,-0.25999999,0.33600000,0.01300000,0.12800001,0.08200000,-0.06000000,-0.12800001,-0.20400000
0.31500000,0.49900001,0.18400000,-0.40700001,0.06500000,0.34200001,-0.19100000,0.33800000,0.63499999,0.58099997,0.43500000,0.24800000
1.08099997,0.75700003,-0.32400000,-0.91900003,0.70200002,0.21699999,-0.76800001,-0.03900000,0.65300000,0.87800002,0.85799998,0.74500000
0.73900002,0.70899999,-0.03000000,-0.72399998,0.38400000,0.33899999,-1.00899994,-1.45799994,-0.73600000,-0.25600001,0.05400000,0.31200001
0.00200000,0.39800000,0.39600000,-0.20000000,-0.19700000,0.39600000,-0.97299999,-2.43899989,-1.95099998,-1.30599999,-0.84600002,-0.40099999
-0.05400000,0.26300001,0.31700000,-0.10500000,-0.18600000,0.28999999,-0.71600002,-1.48000002,-1.34800005,-1.02100003,-0.75199997,-0.45500001
-0.03800000,0.35100001,0.38900000,-0.15700001,-0.21400000,0.36899999,-0.34299999,-0.60600001,-0.57499999,-0.49800000,-0.40799999,-0.28799999
-0.00600000,0.35100001,0.35699999,-0.17299999,-0.18200000,0.35400000,-0.19400001,-0.28799999,-0.28900000,-0.27800000,-0.25799999,-0.22000000
-0.01900000,0.34599999,0.36500001,-0.16400000,-0.19200000,0.35499999,-0.13900000,-0.13200000,-0.14700000,-0.19800000,-0.21200000,-0.19599999
-0.04300000,0.37400001,0.41700000,-0.16599999,-0.23000000,0.39500001,-0.13200000,-0.13600001,-0.13300000,-0.16800000,-0.17900001,-0.18900000
-0.02800000,0.37500000,0.40300000,-0.17299999,-0.21600001,0.38800001,-0.12600000,-0.06600000,-0.08800000,-0.14800000,-0.16400000,-0.18300000
-0.04600000,0.36899999,0.41499999,-0.16100000,-0.23100001,0.39199999,-0.12300000,-0.06900000,-0.08400000,-0.14399999,-0.16000000,-0.17800000
-0.02500000,0.37500000,0.40099999,-0.17600000,-0.21300000,0.38800001,-0.12100000,-0.04100000,-0.05500000,-0.13200000,-0.14800000,-0.17000000
-0.01600000,0.39199999,0.40799999,-0.18900000,-0.21200000,0.39899999,-0.11400000,-0.03500000,-0.04600000,-0.12700000,-0.14399999,-0.16400000
-0.01600000,0.38600001,0.40300000,-0.18500000,-0.20999999,0.39399999,-0.11600000,-0.01400000,-0.02900000,-0.11900000,-0.13200000,-0.15700001
-0.00900000,0.38499999,0.39500001,-0.18799999,-0.20299999,0.38999999,-0.11400000,0.01700000,-0.00700000,-0.10300000,-0.12100000,-0.15000001
-0.00900000,0.37700000,0.38699999,-0.18400000,-0.19800000,0.38200000,-0.11600000,0.05200000,0.02400000,-0.08300000,-0.10900000,-0.14000000
0.02100000,0.40099999,0.38000000,-0.21100000,-0.18000001,0.38999999,-0.11500000,0.07200000,0.05800000,-0.06300000,-0.10100000,-0.12899999
0.05400000,0.43099999,0.37700000,-0.24300000,-0.16200000,0.40400001,-0.11500000,0.10900000,0.07900000,-0.04200000,-0.08400000,-0.11400000
0.05100000,0.42199999,0.37099999,-0.23700000,-0.16100000,0.39600000,-0.11500000,0.16400000,0.10800000,-0.00800000,-0.05600000,-0.09300000
0.08300000,0.45100001,0.36800000,-0.26699999,-0.14300001,0.40900001,-0.10900000,0.22200000,0.15200000,0.02700000,-0.03300000,-0.07200000
0.11100000,0.47499999,0.36399999,-0.29400000,-0.12600000,0.41900000,-0.10400000,0.30500001,0.21200000,0.05900000,-0.00200000,-0.05300000
0.12300000,0.47900000,0.35699999,-0.30100000,-0.11700000,0.41800001,-0.09800000,0.40500000,0.28400001,0.11400000,0.03900000,-0.02500000
0.16400000,0.51700002,0.35299999,-0.34000000,-0.09500000,0.43500000,-0.09300000,0.50199997,0.35600001,0.16800000,0.07600000,0.01300000
0.20299999,0.53899997,0.33600000,-0.37099999,-0.06700000,0.43799999,-0.08600000,0.59200001,0.42399999,0.22200000,0.11700000,0.05000000
0.22700000,0.54400003,0.31700000,-0.38600001,-0.04500000,0.43000001,-0.09000000,0.67100000,0.50500000,0.29300001,0.17700000,0.08500000
0.26199999,0.57200003,0.31099999,-0.41800001,-0.02500000,0.44100001,-0.10200000,0.68400002,0.54299998,0.33700001,0.21600001,0.11400000
0.26400000,0.58800000,0.32400000,-0.42600000,-0.03000000,0.45500001,-0.10300000,0.66700000,0.54699999,0.34400001,0.22600000,0.12500000
0.23400000,0.57099998,0.33700001,-0.40300000,-0.05200000,0.45300001,-0.11000000,0.56400001,0.50400001,0.32900000,0.22200000,0.11500000
0.19900000,0.55400002,0.35600001,-0.37700000,-0.07900000,0.45500001,-0.11300000,0.38000000,0.37000000,0.25700000,0.16599999,0.07300000
0.16100000,0.53899997,0.37900001,-0.34999999,-0.10900000,0.45899999,-0.11000000,0.20500000,0.22000000,0.14100000,0.08200000,0.00800000
0.11200000,0.50400001,0.39199999,-0.30800000,-0.14000000,0.44800001,-0.11000000,0.05100000,0.08700000,0.03100000,-0.00300000,-0.05800000
0.02900000,0.45600000,0.42699999,-0.24300000,-0.19900000,0.44100001,-0.11000000,-0.05700000,-0.02200000,-0.06200000,-0.08400000,-0.12000000
-0.02300000,0.40300000,0.42500001,-0.19000000,-0.22400001,0.41299999,-0.11000000,-0.12700000,-0.08600000,-0.10800000,-0.12700000,-0.14900000
-0.04400000,0.37799999,0.42199999,-0.16700000,-0.23300000,0.40000001,-0.11000000,-0.15899999,-0.12200000,-0.13400000,-0.14900000,-0.16300000
-0.03600000,0.40200001,0.43799999,-0.18300000,-0.23700000,0.41999999,-0.10700000,-0.18200000,-0.14600000,-0.15300000,-0.16599999,-0.17900001
-0.03100000,0.40300000,0.43300000,-0.18700001,-0.23199999,0.41800001,-0.10300000,-0.19700000,-0.16100000,-0.15899999,-0.16800000,-0.18500000
-0.05100000,0.38400000,0.43500000,-0.16700000,-0.24400000,0.41000000,-0.11200000,-0.19400001,-0.16500001,-0.16500001,-0.17700000,-0.18799999
-0.05100000,0.38400000,0.43500000,-0.16700000,-0.24300000,0.40900001,-0.12600000,-0.20000000,-0.16400000,-0.16400000,-0.19400001,-0.19100000
-0.04400000,0.39100000,0.43399999,-0.17399999,-0.23899999,0.41200000,-0.12000000,-0.20000000,-0.16700000,-0.17200001,-0.19700000,-0.19499999
-0.04100000,0.39399999,0.43500000,-0.17700000,-0.23899999,0.41499999,-0.11500000,-0.19599999,-0.17800000,-0.18500000,-0.19900000,-0.19499999
-0.04500000,0.38900000,0.43399999,-0.17200001,-0.23999999,0.41100001,-0.11200000,-0.19499999,-0.18099999,-0.18500000,-0.20299999,-0.19499999
-0.04500000,0.39100000,0.43599999,-0.17299999,-0.24100000,0.41299999,-0.10500000,-0.19499999,-0.18000001,-0.18500000,-0.20500000,-0.19499999
-0.06000000,0.38699999,0.44700000,-0.16400000,-0.25400001,0.41700000,-0.11100000,-0.19499999,-0.18500000,-0.18600000,-0.20500000,-0.19499999
-0.06700000,0.38400000,0.45100001,-0.15899999,-0.25900000,0.41700000,-0.11700000,-0.19499999,-0.18500000,-0.18400000,-0.20500000,-0.19499999
-0.06300000,0.38600001,0.44900000,-0.16100000,-0.25700000,0.41700000,-0.11200000,-0.19599999,-0.18600000,-0.18799999,-0.20500000,-0.19599999
-0.07200000,0.37799999,0.44999999,-0.15300000,-0.26100001,0.41400000,-0.11000000,-0.20299999,-0.18400000,-0.19400001,-0.20500000,-0.20000000
-0.05400000,0.39600000,0.44999999,-0.17100000,-0.25200000,0.42300001,-0.10600000,-0.20900001,-0.19000000,-0.20100001,-0.20500000,-0.20000000
-0.04200000,0.40700001,0.44900000,-0.18200000,-0.24600001,0.42800000,-0.10400000,-0.21400000,-0.20200001,-0.20500000,-0.20500000,-0.20000000
-0.04900000,0.39600000,0.44600001,-0.17399999,-0.24800000,0.42100000,-0.11400000,-0.21699999,-0.19900000,-0.20500000,-0.20500000,-0.19900000
-0.04700000,0.39600000,0.44299999,-0.17500000,-0.24500000,0.41900000,-0.11600000,-0.22000000,-0.19300000,-0.20900001,-0.20400000,-0.20700000
-0.05200000,0.38900000,0.44000000,-0.16800000,-0.24600001,0.41400000,-0.11500000,-0.22400001,-0.20200001,-0.20999999,-0.20900001,-0.21600001
-0.05100000,0.38600001,0.43700001,-0.16800000,-0.24400000,0.41100001,-0.11300000,-0.22499999,-0.20400000,-0.21200000,-0.21500000,-0.21400000
-0.05400000,0.38100001,0.43500000,-0.16400000,-0.24500000,0.40799999,-0.10900000,-0.22499999,-0.20700000,-0.21500000,-0.21500000,-0.21500000
-0.05800000,0.37400001,0.43200001,-0.15800001,-0.24500000,0.40300000,-0.11000000,-0.22499999,-0.21600001,-0.21500000,-0.21500000,-0.21500000
-0.05900000,0.37099999,0.42899999,-0.15600000,-0.24400000,0.40000001,-0.11300000,-0.22499999,-0.21400000,-0.21500000,-0.21500000,-0.21500000
-0.06700000,0.36199999,0.43000001,-0.14700000,-0.24900000,0.39600000,-0.12200000,-0.22499999,-0.21500000,-0.21500000,-0.21500000,-0.21100000
-0.06900000,0.36100000,0.43000001,-0.14600000,-0.24900000,0.39500001,-0.12400000,-0.22700000,-0.21900000,-0.21400000,-0.21300000,-0.20900001
-0.08100000,0.34900001,0.43000001,-0.13400000,-0.25600001,0.38900000,-0.12000000,-0.22499999,-0.22100000,-0.20999999,-0.20900001,-0.20999999
-0.06800000,0.36100000,0.42899999,-0.14700000,-0.24800000,0.39500001,-0.12000000,-0.22499999,-0.21900000,-0.20600000,-0.20999999,-0.20900001
-0.05000000,0.38900000,0.43799999,-0.17000000,-0.24400000,0.41299999,-0.12000000,-0.22300000,-0.22000000,-0.20400000,-0.20999999,-0.20999999
-0.05200000,0.39700001,0.44900000,-0.17299999,-0.25099999,0.42300001,-0.12000000,-0.21900000,-0.21900000,-0.19900000,-0.20999999,-0.20800000
-0.04600000,0.39399999,0.44000000,-0.17399999,-0.24300000,0.41700000,-0.12000000,-0.22100000,-0.22100000,-0.19599999,-0.20999999,-0.20100001
-0.02300000,0.41000000,0.43399999,-0.19400001,-0.22800000,0.42100000,-0.11700000,-0.21200000,-0.21400000,-0.19200000,-0.20100001,-0.19300000
0.00900000,0.43700001,0.42699999,-0.22300000,-0.20900001,0.43200001,-0.11300000,-0.19300000,-0.18500000,-0.17900001,-0.18700001,-0.18500000
0.01100000,0.42699999,0.41600001,-0.21900000,-0.20200001,0.42100000,-0.11500000,-0.18000001,-0.16700000,-0.16700000,-0.17800000,-0.17700000
0.02600000,0.45699999,0.43099999,-0.24100000,-0.20299999,0.44299999,-0.10500000,-0.17600000,-0.16599999,-0.16900000,-0.17900001,-0.17500000
0.03700000,0.47499999,0.43799999,-0.25600001,-0.20100001,0.45600000,-0.12200000,-0.16700000,-0.15899999,-0.17000000,-0.18000001,-0.17500000
0.03000000,0.44900000,0.41999999,-0.23999999,-0.19499999,0.43399999,-0.15600000,-0.16800000,-0.16700000,-0.17000000,-0.17900001,-0.17399999
0.01700000,0.43500000,0.41800001,-0.22600000,-0.20100001,0.42699999,-0.15200000,-0.19499999,-0.19700000,-0.17700000,-0.18099999,-0.17600000
-0.01200000,0.41000000,0.42199999,-0.19900000,-0.21699999,0.41600001,-0.14600000,-0.19300000,-0.20400000,-0.17200001,-0.17800000,-0.17200001
-0.04000000,0.38699999,0.42699999,-0.17399999,-0.23400000,0.40700001,-0.14300001,-0.20700000,-0.21900000,-0.18900000,-0.19100000,-0.19000000
-0.05800000,0.37099999,0.42899999,-0.15700001,-0.24300000,0.40000001,-0.13699999,-0.23800001,-0.25299999,-0.21500000,-0.21500000,-0.20999999
-0.06600000,0.36600000,0.43200001,-0.15000001,-0.24900000,0.39800000,-0.13500001,-0.24200000,-0.26699999,-0.21699999,-0.22100000,-0.21100000
-0.06400000,0.36300001,0.42699999,-0.14900000,-0.24600001,0.39500001,-0.14200000,-0.25400001,-0.27599999,-0.22700000,-0.22700000,-0.20700000
-0.07600000,0.35600001,0.43200001,-0.14000000,-0.25400001,0.39399999,-0.12899999,-0.23899999,-0.26800001,-0.22600000,-0.22800000,-0.21799999
-0.07300000,0.35400000,0.42800000,-0.14000000,-0.25099999,0.38999999,-0.13000000,-0.25200000,-0.26800001,-0.22100000,-0.22300000,-0.22800000
-0.08700000,0.34700000,0.43399999,-0.13000000,-0.26100001,0.38999999,-0.12000000,-0.22900000,-0.25600001,-0.22100000,-0.22700000,-0.23300000
-0.09200000,0.34500000,0.43599999,-0.12700000,-0.26499999,0.39100000,-0.11600000,-0.24600001,-0.25799999,-0.21500000,-0.21900000,-0.22700000
-0.08700000,0.34299999,0.42899999,-0.12800001,-0.25799999,0.38600001,-0.11500000,-0.22400001,-0.24699999,-0.21699999,-0.22100000,-0.23199999
-0.12700000,0.30000001,0.42699999,-0.08700000,-0.27700001,0.36300001,-0.07700000,-0.18600000,-0.23700000,-0.20400000,-0.22300000,-0.23300000
-0.12200000,0.27000001,0.39199999,-0.07400000,-0.25799999,0.33100000,-0.05100000,-0.08800000,-0.19599999,-0.19000000,-0.23000000,-0.23999999
-0.01600000,0.35800001,0.37400001,-0.17100000,-0.19499999,0.36600000,-0.04100000,0.22100000,0.18900000,0.12800001,0.02300000,-0.08300000
0.70899999,0.62099999,-0.08800000,-0.66500002,0.39800000,0.26600000,-0.46599999,0.30399999,0.67699999,0.80100000,0.69700003,0.52100003
1.08099997,0.79500002,-0.28600001,-0.93800002,0.68300003,0.25400001,-0.92000002,-0.47400001,0.10400000,0.47700000,0.58999997,0.65200001
0.28700000,0.57499999,0.28799999,-0.43099999,-0.00100000,0.43200001,-0.93699998,-2.03200006,-1.49899995,-0.85799998,-0.45100001,-0.08000000
-0.13300000,0.31900001,0.45199999,-0.09400000,-0.29200000,0.38600001,-0.84700000,-2.10899997,-1.87300003,-1.26100004,-0.86500001,-0.48500001
-0.07800000,0.29100001,0.36899999,-0.10700000,-0.22400001,0.33000001,-0.54100001,-0.96899998,-1.02300000,-0.76700002,-0.59500003,-0.38000000
-0.05200000,0.32800001,0.38000000,-0.13900000,-0.21600001,0.35400000,-0.28099999,-0.45300001,-0.52800000,-0.41100001,-0.35100001,-0.26300001
0.01400000,0.36500001,0.35100001,-0.19000000,-0.16900000,0.35800001,-0.20500000,-0.18700001,-0.30100000,-0.24900000,-0.23600000,-0.20600000
-0.00200000,0.36500001,0.36700001,-0.18099999,-0.18500000,0.36600000,-0.15700001,-0.12400000,-0.21900000,-0.19200000,-0.19700000,-0.18000001
0.00500000,0.35499999,0.34999999,-0.18000001,-0.17299999,0.35200000,-0.14100000,-0.09200000,-0.18400000,-0.16000000,-0.17000000,-0.16599999
-0.00400000,0.34999999,0.35400000,-0.17299999,-0.18000001,0.35200000,-0.11800000,-0.05000000,-0.15000001,-0.14399999,-0.16100000,-0.16300000
-0.00600000,0.34099999,0.34700000,-0.16700000,-0.17700000,0.34400001,-0.12200000,-0.03600000,-0.13100000,-0.13200000,-0.14900000,-0.15600000
0.00000000,0.34000000,0.33899999,-0.17000000,-0.17000000,0.33899999,-0.11900000,0.00800000,-0.10600000,-0.11800000,-0.14000000,-0.15000001
0.00100000,0.33300000,0.33199999,-0.16700000,-0.16599999,0.33199999,-0.11500000,0.02200000,-0.10000000,-0.10500000,-0.13200000,-0.14000000
0.04400000,0.36399999,0.31999999,-0.20400000,-0.13800000,0.34200001,-0.11600000,0.05000000,-0.08300000,-0.08600000,-0.12300000,-0.13000000
0.04200000,0.35699999,0.31500000,-0.20000000,-0.13600001,0.33600000,-0.11300000,0.07000000,-0.08000000,-0.07700000,-0.11300000,-0.12000000
0.01800000,0.31999999,0.30300000,-0.16900000,-0.14300001,0.31099999,-0.11000000,0.10800000,-0.04400000,-0.05500000,-0.09200000,-0.10400000
0.04100000,0.34299999,0.30199999,-0.19200000,-0.13100000,0.32300001,-0.10500000,0.15000001,-0.01700000,-0.03900000,-0.07200000,-0.09200000
0.04500000,0.33700001,0.29200000,-0.19100000,-0.12400000,0.31400001,-0.10300000,0.19800000,0.00500000,-0.01500000,-0.04600000,-0.07800000
0.06300000,0.35299999,0.28999999,-0.20900001,-0.11400000,0.32100001,-0.09800000,0.24200000,0.04500000,0.01800000,-0.02900000,-0.06700000
0.10800000,0.38999999,0.28200001,-0.24900000,-0.08700000,0.33500001,-0.09400000,0.31299999,0.09100000,0.05000000,-0.00600000,-0.05300000
0.13100000,0.38100001,0.25000000,-0.25700000,-0.06000000,0.31600001,-0.10000000,0.40300000,0.15700001,0.09900000,0.03000000,-0.02200000
0.18099999,0.41800001,0.23600000,-0.30000001,-0.02800000,0.32699999,-0.10800000,0.49300000,0.22100000,0.14500000,0.07000000,0.02500000
0.25000000,0.44800001,0.19800000,-0.34900001,0.02500000,0.32300001,-0.10400000,0.59299999,0.30199999,0.20900001,0.12800001,0.06300000
0.25000000,0.44600001,0.19599999,-0.34799999,0.02700000,0.31999999,-0.10000000,0.67699999,0.37400001,0.26199999,0.17000000,0.08500000
0.25600001,0.45100001,0.19499999,-0.35299999,0.03000000,0.32300001,-0.09800000,0.72500002,0.43399999,0.31900001,0.22499999,0.13699999
0.27599999,0.45400000,0.17800000,-0.36500001,0.04800000,0.31600001,-0.09300000,0.71799999,0.46900001,0.36500001,0.26800001,0.16500001
0.25799999,0.45199999,0.19300000,-0.35499999,0.03200000,0.32200000,-0.09000000,0.67500001,0.45400000,0.35499999,0.26300001,0.15200000
0.24500000,0.43700001,0.19200000,-0.34099999,0.02600000,0.31400001,-0.08600000,0.56099999,0.38499999,0.31900001,0.23300000,0.12700000
0.18099999,0.41800001,0.23600000,-0.30000001,-0.02800000,0.32699999,-0.08000000,0.37400001,0.23700000,0.22499999,0.15600000,0.08000000
0.12000000,0.37000000,0.25000000,-0.24500000,-0.06500000,0.31000000,-0.07500000,0.21300000,0.09700000,0.10900000,0.07300000,0.02700000
0.05600000,0.31200001,0.25600001,-0.18400000,-0.10000000,0.28299999,-0.06900000,0.09700000,-0.01300000,0.02000000,0.00100000,-0.03000000
-0.00600000,0.28099999,0.28700000,-0.13800000,-0.14600000,0.28400001,-0.06400000,0.01000000,-0.11000000,-0.05600000,-0.06600000,-0.08300000
-0.00900000,0.27300000,0.28200001,-0.13200000,-0.14600000,0.27700001,-0.05800000,-0.04500000,-0.16200000,-0.10600000,-0.10600000,-0.11800000
-0.03100000,0.27000001,0.30100000,-0.12000000,-0.16599999,0.28500000,-0.06800000,-0.06800000,-0.20600000,-0.13800000,-0.14000000,-0.14700000
-0.05300000,0.25099999,0.30399999,-0.09900000,-0.17900001,0.27700001,-0.07600000,-0.08000000,-0.22800000,-0.15600000,-0.15800001,-0.16200000
-0.06600000,0.25299999,0.31900001,-0.09400000,-0.19300000,0.28600001,-0.07000000,-0.08700000,-0.23000000,-0.15700001,-0.15400000,-0.15899999
-0.06200000,0.26400000,0.32600001,-0.10200000,-0.19400001,0.29499999,-0.06800000,-0.09800000,-0.23500000,-0.16000000,-0.15600000,-0.16000000
-0.04500000,0.25400001,0.29899999,-0.10500000,-0.17200001,0.27599999,-0.06400000,-0.09700000,-0.23199999,-0.15700001,-0.15700001,-0.16000000
-0.05100000,0.24699999,0.29800001,-0.09900000,-0.17399999,0.27200001,-0.05900000,-0.09000000,-0.22900000,-0.15400000,-0.15500000,-0.16000000
-0.05400000,0.23899999,0.29300001,-0.09300000,-0.17399999,0.26600000,-0.05700000,-0.08700000,-0.22600000,-0.15600000,-0.15500000,-0.15700001
-0.06500000,0.23100001,0.29600000,-0.08300000,-0.18099999,0.26300001,-0.05300000,-0.08200000,-0.22300000,-0.15400000,-0.15200000,-0.15200000
-0.06800000,0.22400001,0.29200000,-0.07800000,-0.18000001,0.25799999,-0.05200000,-0.07700000,-0.22000000,-0.15500000,-0.15000001,-0.14900000
-0.05100000,0.21799999,0.26899999,-0.08400000,-0.16000000,0.24300000,-0.04800000,-0.07600000,-0.22100000,-0.15600000,-0.15000001,-0.14600000
-0.06300000,0.21100000,0.27399999,-0.07500000,-0.16900000,0.24200000,-0.04600000,-0.08100000,-0.22600000,-0.16100000,-0.14600000,-0.14100000
-0.06400000,0.20700000,0.27100000,-0.07200000,-0.16800000,0.23899999,-0.04400000,-0.08000000,-0.22499999,-0.16400000,-0.14500000,-0.14100000
-0.05900000,0.19800000,0.25700000,-0.07000000,-0.15800001,0.22800000,-0.03700000,-0.08000000,-0.22800000,-0.16200000,-0.14500000,-0.14500000
-0.06200000,0.19900000,0.26199999,-0.06900000,-0.16200000,0.23000000,-0.04700000,-0.08100000,-0.23100001,-0.15899999,-0.14500000,-0.14800000
-0.06300000,0.19400001,0.25700000,-0.06600000,-0.16000000,0.22499999,-0.05000000,-0.08000000,-0.23000000,-0.15600000,-0.14500000,-0.15000001
-0.07500000,0.16500001,0.23999999,-0.04500000,-0.15700001,0.20200001,-0.04400000,-0.07700000,-0.22700000,-0.15400000,-0.14700000,-0.15400000
-0.07600000,0.15700001,0.23300000,-0.04100000,-0.15500000,0.19499999,-0.04200000,-0.07400000,-0.22200000,-0.15000001,-0.15000001,-0.15500000
-0.07500000,0.15200000,0.22600000,-0.03900000,-0.15099999,0.18900000,-0.03700000,-0.07100000,-0.21900000,-0.15099999,-0.15300000,-0.15200000
-0.05100000,0.14300001,0.19400001,-0.04700000,-0.12300000,0.16800000,-0.03400000,-0.06800000,-0.21600001,-0.15500000,-0.15500000,-0.14900000
-0.02100000,0.13300000,0.15500000,-0.05600000,-0.08800000,0.14399999,-0.03100000,-0.06500000,-0.20999999,-0.15400000,-0.15800001,-0.14600000
-0.05700000,0.12100000,0.17800000,-0.03200000,-0.11800000,0.14900000,-0.02800000,-0.06300000,-0.21300000,-0.15800001,-0.16100000,-0.14300001
-0.10300000,0.11000000,0.21300000,-0.00400000,-0.15800001,0.16100000,-0.02600000,-0.06000000,-0.22100000,-0.16000000,-0.15600000,-0.14000000
-0.08700000,0.10000000,0.18700001,-0.00700000,-0.13699999,0.14300001,-0.02200000,-0.06000000,-0.21400000,-0.16000000,-0.15500000,-0.13900000
-0.08100000,0.09500000,0.17600000,-0.00700000,-0.12899999,0.13500001,-0.02000000,-0.06000000,-0.20700000,-0.15500000,-0.15200000,-0.13300000
-0.09900000,0.08600000,0.18500000,0.00600000,-0.14200000,0.13500001,-0.01700000,-0.06000000,-0.20100001,-0.14500000,-0.15000001,-0.12500000
-0.08200000,0.08300000,0.16500001,-0.00100000,-0.12300000,0.12300000,-0.01100000,-0.06100000,-0.19400001,-0.13500001,-0.14900000,-0.11900000
-0.08000000,0.07000000,0.15000001,0.00500000,-0.11500000,0.11000000,-0.00600000,-0.05400000,-0.18900000,-0.12500000,-0.13699999,-0.11300000
-0.07200000,0.08200000,0.15500000,-0.00500000,-0.11400000,0.11800000,-0.00100000,-0.04100000,-0.17299999,-0.11300000,-0.11900000,-0.10300000
-0.01700000,0.11800000,0.13500001,-0.05000000,-0.07700000,0.12600000,0.00600000,-0.02900000,-0.15300000,-0.10000000,-0.09700000,-0.08700000
-0.00400000,0.11300000,0.11700000,-0.05400000,-0.06100000,0.11400000,0.01000000,-0.02400000,-0.13900000,-0.09400000,-0.08900000,-0.07800000
-0.00300000,0.11000000,0.11300000,-0.05400000,-0.05800000,0.11100000,0.00300000,-0.02500000,-0.13500001,-0.09500000,-0.08800000,-0.08000000
0.01400000,0.10400000,0.09000000,-0.05900000,-0.03800000,0.09700000,-0.00400000,-0.02400000,-0.12800001,-0.09400000,-0.08400000,-0.08000000
-0.00300000,0.06400000,0.06700000,-0.03000000,-0.03500000,0.06500000,-0.01100000,-0.02600000,-0.14100000,-0.09500000,-0.08200000,-0.08000000
-0.02600000,0.03900000,0.06500000,-0.00700000,-0.04600000,0.05100000,-0.01400000,-0.02500000,-0.16700000,-0.09400000,-0.07800000,-0.08000000
-0.05300000,0.02400000,0.07700000,0.01400000,-0.06500000,0.05000000,-0.00500000,-0.02900000,-0.16599999,-0.09600000,-0.09100000,-0.08000000
-0.05300000,0.01300000,0.06600000,0.02000000,-0.06000000,0.03900000,-0.00300000,-0.04000000,-0.17600000,-0.11800000,-0.10600000,-0.09000000
-0.06000000,-0.00900000,0.05000000,0.03400000,-0.05500000,0.02000000,0.00500000,-0.03100000,-0.18300000,-0.12700000,-0.11400000,-0.09700000
-0.09900000,-0.05500000,0.04500000,0.07600000,-0.07200000,-0.00500000,0.00900000,-0.04100000,-0.18799999,-0.12400000,-0.11500000,-0.09300000
-0.11300000,-0.07100000,0.04200000,0.09200000,-0.07700000,-0.01500000,0.01500000,-0.02800000,-0.18099999,-0.12899999,-0.11400000,-0.09600000
-0.11100000,-0.06900000,0.04200000,0.09000000,-0.07600000,-0.01300000,0.02300000,-0.04200000,-0.18799999,-0.13100000,-0.11600000,-0.09400000
-0.11000000,-0.07800000,0.03200000,0.09300000,-0.07000000,-0.02300000,0.03000000,-0.02900000,-0.18300000,-0.12800001,-0.11300000,-0.09500000
-0.11400000,-0.07300000,0.04100000,0.09300000,-0.07700000,-0.01600000,0.04700000,-0.04000000,-0.18500000,-0.12700000,-0.11900000,-0.09700000
-0.09900000,-0.07700000,0.02200000,0.08700000,-0.06000000,-0.02700000,0.04200000,-0.03300000,-0.18300000,-0.12200000,-0.11800000,-0.09200000
-0.11000000,-0.08000000,0.03000000,0.09500000,-0.06900000,-0.02500000,0.06600000,0.02500000,-0.14900000,-0.12100000,-0.12100000,-0.10400000
-0.11700000,-0.12000000,-0.00300000,0.11900000,-0.05700000,-0.06100000,0.09800000,0.06200000,-0.13100000,-0.11000000,-0.12800001,-0.11500000
-0.07400000,-0.11700000,-0.04200000,0.09600000,-0.01600000,-0.07900000,0.14000000,0.36199999,0.19700000,0.13600001,0.04600000,-0.02700000
0.46300000,0.14100000,-0.32200000,-0.30199999,0.39300001,-0.09000000,-0.15700001,0.57599998,0.81099999,0.88800001,0.74800003,0.55100000
1.02199996,0.36000001,-0.66200000,-0.69099998,0.84200001,-0.15099999,-0.64300001,0.14100000,0.67600000,1.01900005,1.03799999,0.97600001
0.46000001,0.25500000,-0.20600000,-0.35699999,0.33300000,0.02400000,-0.72799999,-1.32799995,-0.91600001,-0.32400000,0.02700000,0.34099999
-0.13699999,-0.03700000,0.10000000,0.08700000,-0.11800000,0.03100000,-0.66000003,-1.91600001,-1.81400001,-1.14900005,-0.71300000,-0.28799999
-0.10700000,-0.20200001,-0.09500000,0.15500000,-0.00600000,-0.14800000,-0.41200000,-0.89899999,-1.06700003,-0.74800003,-0.52300000,-0.26100001
-0.05800000,-0.17000000,-0.11200000,0.11500000,0.02700000,-0.14100000,-0.12000000,-0.29300001,-0.47799999,-0.34900001,-0.25700000,-0.12700000
-0.03200000,-0.16400000,-0.13200000,0.09800000,0.05100000,-0.14800000,-0.01900000,-0.01100000,-0.19800000,-0.13500001,-0.10600000,-0.05900000
-0.05900000,-0.16200000,-0.10200000,0.11100000,0.02100000,-0.13200000,0.04800000,0.09700000,-0.08500000,-0.06700000,-0.06200000,-0.04100000
-0.04300000,-0.15600000,-0.11300000,0.10000000,0.03500000,-0.13500001,0.06700000,0.10400000,-0.06700000,-0.03800000,-0.03700000,-0.02600000
-0.01800000,-0.15400000,-0.13699999,0.08600000,0.06000000,-0.14500000,0.07700000,0.16000000,-0.00500000,-0.00800000,-0.02600000,-0.01800000
-0.02400000,-0.14900000,-0.12500000,0.08700000,0.05000000,-0.13699999,0.08300000,0.15700001,0.00600000,0.01000000,-0.00900000,-0.00300000
-0.00700000,-0.15000001,-0.14300001,0.07900000,0.06800000,-0.14600000,0.09300000,0.21500000,0.05100000,0.04000000,0.00900000,0.01700000
-0.01500000,-0.15099999,-0.13600001,0.08300000,0.06100000,-0.14300001,0.09700000,0.20800000,0.05200000,0.04100000,0.00900000,0.02700000
-0.02500000,-0.17399999,-0.14900000,0.10000000,0.06200000,-0.16100000,0.09300000,0.23800001,0.07200000,0.05800000,0.02300000,0.03800000
-0.01300000,-0.17500000,-0.16200000,0.09400000,0.07500000,-0.16800000,0.09700000,0.26400000,0.10500000,0.07500000,0.04400000,0.04700000
0.00400000,-0.17000000,-0.17399999,0.08300000,0.08900000,-0.17200001,0.09400000,0.28600001,0.13200000,0.09800000,0.07500000,0.06600000
0.02400000,-0.16900000,-0.19300000,0.07200000,0.10900000,-0.18099999,0.09600000,0.32699999,0.16400000,0.11700000,0.08400000,0.07400000
0.04400000,-0.16500001,-0.20900001,0.06100000,0.12700000,-0.18700001,0.09400000,0.36500001,0.19000000,0.13900000,0.10100000,0.09200000
0.04700000,-0.16300000,-0.20999999,0.05900000,0.12899999,-0.18700001,0.10000000,0.41499999,0.23199999,0.16900000,0.13000000,0.10900000
0.07000000,-0.15600000,-0.22600000,0.04300000,0.14900000,-0.19100000,0.11200000,0.47799999,0.28700000,0.20800000,0.16000000,0.12700000
0.09900000,-0.14600000,-0.24500000,0.02400000,0.17200001,-0.19499999,0.10900000,0.55299997,0.34799999,0.25400001,0.19800000,0.16000000
0.11400000,-0.14000000,-0.25400001,0.01300000,0.18400000,-0.19700000,0.11300000,0.63599998,0.42100000,0.30399999,0.23999999,0.19100000
0.14399999,-0.13800000,-0.28099999,-0.00300000,0.21300000,-0.20900001,0.13100000,0.73299998,0.50000000,0.37200001,0.29699999,0.23100001
0.18400000,-0.11000000,-0.29400000,-0.03700000,0.23899999,-0.20200001,0.13699999,0.81000000,0.57400000,0.42899999,0.34299999,0.26800001
0.22000000,-0.09000000,-0.31099999,-0.06500000,0.26600000,-0.20000000,0.13400000,0.86199999,0.63400000,0.48300001,0.38900000,0.30300000
0.22800000,-0.07000000,-0.29800001,-0.07900000,0.26300001,-0.18400000,0.13200000,0.86699998,0.66200000,0.51999998,0.42399999,0.32800001
0.23600000,-0.05800000,-0.29400000,-0.08800000,0.26499999,-0.17600000,0.12899999,0.82800001,0.65600002,0.51400000,0.42600000,0.33500001
0.20100001,-0.10000000,-0.30000001,-0.05000000,0.25099999,-0.20000000,0.13100000,0.73400003,0.59700000,0.48300001,0.40200001,0.31999999
0.14700000,-0.12300000,-0.27000001,-0.01200000,0.20900001,-0.19599999,0.12300000,0.56199998,0.46900001,0.40300000,0.33100000,0.26699999
0.09800000,-0.15099999,-0.24900000,0.02700000,0.17399999,-0.20000000,0.12200000,0.40300000,0.32300001,0.28900000,0.24400000,0.19400001
0.02200000,-0.22000000,-0.24200000,0.09900000,0.13200000,-0.23100001,0.14100000,0.28999999,0.20900001,0.19300000,0.17500000,0.14200000
-0.01700000,-0.26100001,-0.24400000,0.13900000,0.11400000,-0.25200000,0.14700000,0.20000000,0.12400000,0.12400000,0.11200000,0.10000000
-0.03400000,-0.26400000,-0.23100001,0.14900000,0.09900000,-0.24699999,0.14399999,0.14600000,0.05900000,0.07100000,0.07000000,0.06300000
-0.04300000,-0.28700000,-0.24400000,0.16500001,0.10100000,-0.26600000,0.14600000,0.12400000,0.03100000,0.04000000,0.04700000,0.04900000
-0.07000000,-0.32200000,-0.25200000,0.19499999,0.09200000,-0.28600001,0.14399999,0.12200000,0.02900000,0.02700000,0.03100000,0.04100000
-0.07800000,-0.32600001,-0.24800000,0.20200001,0.08600000,-0.28700000,0.14600000,0.11800000,0.03000000,0.02400000,0.02800000,0.04000000
-0.08000000,-0.32400000,-0.24400000,0.20200001,0.08200000,-0.28400001,0.14900000,0.11400000,0.03000000,0.02100000,0.02400000,0.04000000
-0.08700000,-0.33700001,-0.25000000,0.21200000,0.08100000,-0.29300001,0.15000001,0.11000000,0.03000000,0.01800000,0.02100000,0.03500000
-0.05600000,-0.34500000,-0.28900000,0.20100001,0.11700000,-0.31700000,0.15000001,0.11200000,0.03000000,0.01600000,0.01600000,0.03500000
-0.06500000,-0.34400001,-0.27900001,0.20500000,0.10700000,-0.31099999,0.14900000,0.11600000,0.03000000,0.01300000,0.01600000,0.03400000
-0.08300000,-0.34999999,-0.26600000,0.21699999,0.09200000,-0.30800000,0.15899999,0.11400000,0.03000000,0.01000000,0.02200000,0.03000000
-0.07300000,-0.34700000,-0.27399999,0.20999999,0.10000000,-0.31000000,0.16300000,0.11500000,0.03000000,0.01000000,0.02800000,0.03000000
-0.08100000,-0.36800000,-0.28700000,0.22499999,0.10300000,-0.32699999,0.16500001,0.11400000,0.03000000,0.01000000,0.03400000,0.03800000
-0.08600000,-0.39399999,-0.30800000,0.23999999,0.11100000,-0.34999999,0.17299999,0.11000000,0.03000000,0.01000000,0.03200000,0.04100000
-0.08400000,-0.38800001,-0.30399999,0.23600000,0.11000000,-0.34500000,0.16700000,0.10900000,0.03100000,0.01000000,0.02900000,0.03900000
-0.08200000,-0.39100000,-0.30899999,0.23700000,0.11400000,-0.34999999,0.16599999,0.11000000,0.03900000,0.00600000,0.02600000,0.04000000
-0.07700000,-0.38800001,-0.31099999,0.23300000,0.11700000,-0.34999999,0.16200000,0.10900000,0.04300000,0.00400000,0.02300000,0.04000000
-0.09200000,-0.39199999,-0.30000001,0.24200000,0.10400000,-0.34599999,0.15899999,0.11000000,0.04000000,0.00500000,0.02000000,0.04000000
-0.08700000,-0.38299999,-0.29699999,0.23500000,0.10500000,-0.34000000,0.16300000,0.10700000,0.04000000,0.00500000,0.02000000,0.04400000
-0.06600000,-0.37900001,-0.31299999,0.22200000,0.12400000,-0.34599999,0.16500001,0.10400000,0.04000000,0.00500000,0.03000000,0.04500000
-0.06200000,-0.41000000,-0.34799999,0.23600000,0.14399999,-0.37900001,0.16599999,0.10500000,0.04000000,0.00600000,0.03500000,0.04700000
-0.06600000,-0.42300001,-0.35699999,0.24500000,0.14600000,-0.38999999,0.16400000,0.10500000,0.04000000,0.01200000,0.03400000,0.05100000
-0.06900000,-0.42199999,-0.35400000,0.24600001,0.14300001,-0.38800001,0.16200000,0.10500000,0.04300000,0.01900000,0.03700000,0.04800000
-0.07000000,-0.41999999,-0.34999999,0.24500000,0.14000000,-0.38499999,0.15700001,0.10500000,0.04800000,0.01600000,0.04000000,0.04500000
-0.07000000,-0.41999999,-0.34999999,0.24500000,0.14000000,-0.38499999,0.16800000,0.10900000,0.04900000,0.01500000,0.04000000,0.04500000
-0.06800000,-0.41900000,-0.35100001,0.24400000,0.14100000,-0.38499999,0.18000001,0.11000000,0.04300000,0.01400000,0.03700000,0.04500000
-0.08600000,-0.44299999,-0.35600001,0.26499999,0.13500001,-0.39899999,0.17900001,0.10900000,0.04000000,0.01600000,0.03400000,0.04500000
-0.08300000,-0.44900000,-0.36600000,0.26600000,0.14200000,-0.40799999,0.19400001,0.11100000,0.03500000,0.01400000,0.03600000,0.04400000
-0.07800000,-0.43500000,-0.35699999,0.25700000,0.14000000,-0.39600000,0.19499999,0.10800000,0.04100000,0.01800000,0.03500000,0.05200000
-0.06400000,-0.45400000,-0.38999999,0.25900000,0.16300000,-0.42199999,0.19000000,0.12100000,0.08100000,0.04400000,0.04700000,0.07000000
-0.07200000,-0.42500001,-0.35400000,0.24900000,0.14200000,-0.38999999,0.18900000,0.13800000,0.10400000,0.05800000,0.06300000,0.07700000
-0.07900000,-0.39899999,-0.31999999,0.23899999,0.12100000,-0.35900000,0.18400000,0.13200000,0.09600000,0.05700000,0.06400000,0.07900000
-0.03700000,-0.40099999,-0.36399999,0.21900000,0.16400000,-0.38200000,0.18799999,0.14700000,0.11200000,0.07000000,0.08500000,0.10000000
-0.03100000,-0.39300001,-0.36199999,0.21200000,0.16599999,-0.37700000,0.18600000,0.16900000,0.14700000,0.09700000,0.10200000,0.11300000
0.00300000,-0.39100000,-0.39399999,0.19400001,0.19900000,-0.39300001,0.16800000,0.15600000,0.14100000,0.09400000,0.09400000,0.10500000
0.02500000,-0.38299999,-0.40799999,0.17900001,0.21699999,-0.39500001,0.16300000,0.14600000,0.12800001,0.08100000,0.09000000,0.10200000
0.00700000,-0.40500000,-0.41200000,0.19900000,0.20999999,-0.40900001,0.16800000,0.13400000,0.11800000,0.07300000,0.08400000,0.09700000
-0.01100000,-0.43700001,-0.42600000,0.22400001,0.20800000,-0.43099999,0.17600000,0.12700000,0.11500000,0.05800000,0.07800000,0.09200000
-0.05500000,-0.46700001,-0.41200000,0.26100001,0.17900001,-0.43900001,0.19400001,0.11200000,0.10100000,0.04100000,0.07400000,0.08900000
-0.07900000,-0.49300000,-0.41400000,0.28600001,0.16800000,-0.45300001,0.20100001,0.10900000,0.06700000,0.02800000,0.06700000,0.08100000
-0.08200000,-0.49599999,-0.41400000,0.28999999,0.16599999,-0.45500001,0.19400001,0.10200000,0.04600000,0.02200000,0.06100000,0.07400000
-0.06800000,-0.49300000,-0.42500001,0.28000000,0.17900001,-0.45800000,0.19100000,0.10600000,0.05500000,0.01800000,0.05400000,0.06700000
-0.07100000,-0.49900001,-0.42800000,0.28600001,0.17900001,-0.46300000,0.19000000,0.10100000,0.06000000,0.01300000,0.04700000,0.05900000
-0.07800000,-0.50400001,-0.42600000,0.29100001,0.17399999,-0.46399999,0.17900001,0.09500000,0.05700000,0.00900000,0.04200000,0.05300000
-0.09100000,-0.49599999,-0.40599999,0.29400000,0.15800001,-0.45100001,0.20200001,0.11200000,0.07400000,0.00600000,0.03300000,0.05300000
-0.06900000,-0.48699999,-0.41800001,0.27800000,0.17500000,-0.45199999,0.19400001,0.08700000,0.04800000,0.00800000,0.02900000,0.06000000
-0.08300000,-0.47799999,-0.39500001,0.28099999,0.15600000,-0.43599999,0.20700000,0.12800001,0.06800000,0.01700000,0.02000000,0.05200000
-0.11400000,-0.55000001,-0.43700001,0.33199999,0.16200000,-0.49300000,0.25799999,0.14600000,0.06600000,0.01000000,0.01400000,0.03700000
-0.12200000,-0.57300001,-0.45100001,0.34799999,0.16400000,-0.51200002,0.33000001,0.40599999,0.28099999,0.13400000,0.09000000,0.04800000
0.20700000,-0.35699999,-0.56300002,0.07500000,0.38499999,-0.46000001,0.17100000,0.65200001,0.85500002,0.76400000,0.63300002,0.45600000
0.96499997,-0.09600000,-1.06099999,-0.43399999,1.01400006,-0.57800001,-0.38100001,0.43599999,1.07799995,1.26900005,1.21500003,1.06200004
0.78899997,-0.09600000,-0.88499999,-0.34599999,0.83700001,-0.49000001,-0.66700000,-0.79400003,-0.14600000,0.28200001,0.55500001,0.75500000
0.06200000,-0.41000000,-0.47200000,0.17500000,0.26699999,-0.44100001,-0.63700002,-1.97800004,-1.58399999,-0.97200000,-0.48600000,-0.02400000
-0.07300000,-0.62300003,-0.55000001,0.34799999,0.23899999,-0.58600003,-0.41200000,-1.22800004,-1.17799997,-0.82800001,-0.51499999,-0.16800000
-0.05900000,-0.54200000,-0.48199999,0.30100000,0.21100000,-0.51200002,-0.05900000,-0.31000000,-0.37000000,-0.30399999,-0.17399999,-0.02100000
-0.03500000,-0.49399999,-0.45899999,0.26499999,0.21200000,-0.47600001,0.10000000,0.00500000,-0.06400000,-0.06200000,-0.00800000,0.04400000
-0.03500000,-0.49300000,-0.45800000,0.26400000,0.21100000,-0.47499999,0.17900001,0.19400001,0.12000000,0.04300000,0.06000000,0.08700000
-0.04300000,-0.49599999,-0.45300001,0.27000001,0.20500000,-0.47400001,0.21100000,0.18799999,0.14500000,0.06800000,0.07300000,0.10900000
-0.04000000,-0.52100003,-0.48100001,0.28099999,0.22000000,-0.50099999,0.23400000,0.26899999,0.21699999,0.11100000,0.10300000,0.11800000
-0.01100000,-0.49599999,-0.48500001,0.25400001,0.23800001,-0.49000001,0.24900000,0.26400000,0.22600000,0.12100000,0.12800001,0.12600000
-0.00100000,-0.50999999,-0.50800002,0.25500000,0.25400001,-0.50900000,0.24200000,0.30000001,0.25099999,0.14000000,0.13400000,0.13800000
-0.01100000,-0.50500000,-0.49399999,0.25799999,0.24200000,-0.50000000,0.24699999,0.31400001,0.25999999,0.14900000,0.14100000,0.13200000
0.00400000,-0.49900001,-0.50199997,0.24699999,0.25299999,-0.50000000,0.24400000,0.33100000,0.26800001,0.16000000,0.15600000,0.14399999
-0.03500000,-0.53399998,-0.49900001,0.28400001,0.23300000,-0.51599997,0.24500000,0.36600000,0.30199999,0.18000001,0.15700001,0.14900000
-0.03100000,-0.52899998,-0.49700001,0.28000000,0.23300000,-0.51300001,0.23999999,0.37000000,0.31200001,0.18500000,0.16200000,0.14600000
0.00200000,-0.52300000,-0.52499998,0.26100001,0.26400000,-0.52300000,0.23999999,0.41999999,0.35600001,0.20800000,0.18500000,0.18400000
0.05700000,-0.49000001,-0.54699999,0.21699999,0.30300000,-0.51899999,0.23899999,0.44999999,0.38200000,0.23600000,0.19900000,0.19400001
0.08200000,-0.46599999,-0.54699999,0.19200000,0.31500000,-0.50700003,0.23500000,0.49500000,0.41499999,0.26199999,0.22400001,0.20100001
0.08000000,-0.47099999,-0.55100000,0.19599999,0.31600001,-0.51099998,0.23400000,0.56999999,0.47200000,0.29100001,0.24699999,0.22000000
0.10500000,-0.44999999,-0.55500001,0.17299999,0.33000001,-0.50300002,0.24100000,0.63700002,0.51599997,0.32900000,0.27500001,0.23700000
0.10800000,-0.44900000,-0.55699998,0.17100000,0.33300000,-0.50300002,0.25700000,0.73400003,0.58399999,0.38699999,0.32400000,0.28200001
0.14399999,-0.43000001,-0.57400000,0.14300001,0.35900000,-0.50199997,0.25799999,0.83099997,0.67000002,0.44100001,0.37000000,0.31799999
0.18700001,-0.38400000,-0.57200003,0.09900000,0.38000000,-0.47799999,0.25299999,0.91100001,0.74599999,0.50099999,0.42100000,0.35499999
0.21600001,-0.36399999,-0.58099997,0.07500000,0.39800000,-0.47200000,0.25000000,0.97799999,0.81900001,0.56199998,0.46799999,0.39199999
0.24400000,-0.34299999,-0.58800000,0.05000000,0.41600001,-0.46500000,0.24699999,1.00199997,0.86000001,0.60900003,0.51099998,0.42199999
0.24500000,-0.33300000,-0.57700002,0.04400000,0.41100001,-0.45500001,0.24200000,0.98000002,0.85399997,0.62300003,0.52600002,0.43000001
0.24699999,-0.33000001,-0.57700002,0.04200000,0.41200000,-0.45300001,0.23999999,0.88700002,0.81699997,0.60100001,0.51099998,0.41800001
0.22300000,-0.34299999,-0.56599998,0.06100000,0.39399999,-0.45400000,0.24500000,0.71600002,0.71399999,0.53399998,0.46799999,0.39800000
0.15099999,-0.39700001,-0.54799998,0.12300000,0.34999999,-0.47200000,0.24500000,0.53500003,0.55400002,0.42300001,0.37599999,0.33300000
0.06500000,-0.45500001,-0.51999998,0.19499999,0.29200000,-0.48699999,0.24900000,0.39700001,0.40200001,0.31000000,0.28299999,0.26199999
0.00800000,-0.49500000,-0.50300002,0.24400000,0.25600001,-0.49800000,0.25000000,0.29899999,0.29699999,0.22100000,0.21300000,0.20999999
-0.01700000,-0.50900000,-0.49200001,0.26300001,0.23800001,-0.50000000,0.25200000,0.23000000,0.24500000,0.16900000,0.16400000,0.16200000
-0.03800000,-0.54200000,-0.50400001,0.28999999,0.23300000,-0.52300000,0.25500000,0.19100000,0.20900001,0.13200000,0.13500001,0.13900000
-0.04700000,-0.56699997,-0.51999998,0.30700001,0.23700000,-0.54299998,0.25400001,0.16700000,0.18300000,0.11600000,0.12200000,0.14000000
-0.03600000,-0.53799999,-0.50199997,0.28799999,0.23300000,-0.51899999,0.25799999,0.15500000,0.17900001,0.11400000,0.12200000,0.14000000
-0.04900000,-0.55599999,-0.50700003,0.30199999,0.22900000,-0.53100002,0.26100001,0.15000001,0.18000001,0.10600000,0.11700000,0.14000000
-0.07200000,-0.58399999,-0.51200002,0.32800001,0.22000000,-0.54799998,0.25900000,0.14100000,0.18000001,0.10200000,0.11300000,0.14000000
-0.06900000,-0.58200002,-0.51200002,0.32600001,0.22200000,-0.54699999,0.25600001,0.13699999,0.18000001,0.09600000,0.11000000,0.13900000
-0.07100000,-0.58300000,-0.51300001,0.32699999,0.22100000,-0.54799998,0.25299999,0.12700000,0.17200001,0.09100000,0.10600000,0.13400000
-0.07100000,-0.57599998,-0.50400001,0.32400000,0.21699999,-0.54000002,0.25000000,0.12899999,0.16400000,0.08600000,0.10000000,0.12800001
-0.06700000,-0.57700002,-0.50999999,0.32300001,0.22200000,-0.54400003,0.24699999,0.14500000,0.15500000,0.08100000,0.09500000,0.12400000
-0.07700000,-0.56699997,-0.49000001,0.32200000,0.20700000,-0.52800000,0.24500000,0.14500000,0.14900000,0.07800000,0.09000000,0.11800000
-0.08600000,-0.58300000,-0.49700001,0.33500001,0.20500000,-0.54000002,0.24699999,0.14399999,0.15000001,0.07100000,0.08200000,0.11100000
-0.07900000,-0.61199999,-0.53399998,0.34599999,0.22800000,-0.57300001,0.25500000,0.14500000,0.15000001,0.07100000,0.08200000,0.11200000
-0.08000000,-0.59700000,-0.51700002,0.33899999,0.21900000,-0.55699998,0.25900000,0.14500000,0.15000001,0.07500000,0.08300000,0.11500000
-0.08200000,-0.58899999,-0.50700003,0.33600000,0.21200000,-0.54799998,0.25500000,0.14200000,0.15000001,0.07400000,0.08000000,0.11500000
-0.09100000,-0.59100002,-0.49900001,0.34099999,0.20400000,-0.54500002,0.25500000,0.13500001,0.14900000,0.07700000,0.08000000,0.11800000
-0.09900000,-0.58899999,-0.49000001,0.34400001,0.19599999,-0.53899997,0.25400001,0.12899999,0.14500000,0.08000000,0.08000000,0.12000000
-0.07600000,-0.58999997,-0.51400000,0.33300000,0.21900000,-0.55199999,0.25000000,0.12300000,0.14500000,0.08000000,0.08000000,0.11900000
-0.06500000,-0.58999997,-0.52499998,0.32699999,0.23000000,-0.55699998,0.25000000,0.11500000,0.14399999,0.07700000,0.08000000,0.11500000
-0.06600000,-0.58300000,-0.51800001,0.32499999,0.22700000,-0.55000001,0.25000000,0.11000000,0.13900000,0.07200000,0.08400000,0.10900000
-0.08200000,-0.59600002,-0.51400000,0.33899999,0.21600001,-0.55400002,0.25000000,0.12000000,0.14100000,0.06900000,0.08500000,0.10600000
-0.09800000,-0.60600001,-0.50800002,0.35299999,0.20500000,-0.55699998,0.25000000,0.12200000,0.13699999,0.06600000,0.08500000,0.10100000
-0.10400000,-0.60500002,-0.50099999,0.35400000,0.19900000,-0.55299997,0.25000000,0.11800000,0.13400000,0.06000000,0.09000000,0.09600000
-0.09900000,-0.60200000,-0.50300002,0.35100001,0.20200001,-0.55199999,0.25000000,0.11500000,0.12899999,0.06200000,0.09000000,0.09600000
-0.08100000,-0.59899998,-0.51899999,0.34000000,0.21900000,-0.55900002,0.25000000,0.11300000,0.12700000,0.07000000,0.09100000,0.10500000
-0.09000000,-0.60000002,-0.50999999,0.34500000,0.20999999,-0.55500001,0.24900000,0.10900000,0.12200000,0.07000000,0.09500000,0.10900000
-0.09700000,-0.59500003,-0.49800000,0.34599999,0.20100001,-0.54699999,0.25299999,0.11200000,0.12000000,0.07000000,0.09500000,0.11200000
-0.07100000,-0.61600000,-0.54600000,0.34400001,0.23800001,-0.58099997,0.25999999,0.11700000,0.12500000,0.07000000,0.09500000,0.11500000
-0.05900000,-0.61699998,-0.55699998,0.33800000,0.24900000,-0.58700001,0.25900000,0.12100000,0.12300000,0.07000000,0.09600000,0.11700000
-0.06200000,-0.60100001,-0.53899997,0.33199999,0.23899999,-0.56999999,0.26100001,0.12600000,0.13200000,0.07200000,0.09400000,0.12100000
-0.03600000,-0.57099998,-0.53500003,0.30399999,0.25000000,-0.55299997,0.26499999,0.12700000,0.14600000,0.09200000,0.10200000,0.11700000
-0.01600000,-0.52300000,-0.50700003,0.27000001,0.24600001,-0.51499999,0.26600000,0.14100000,0.16500001,0.10500000,0.11500000,0.13100000
-0.01600000,-0.50400001,-0.48800001,0.25999999,0.23600000,-0.49599999,0.26199999,0.15000001,0.18000001,0.10300000,0.11500000,0.14700000
-0.00200000,-0.48199999,-0.47999999,0.24200000,0.23999999,-0.48100001,0.25400001,0.16400000,0.19499999,0.12600000,0.13200000,0.14900000
0.01300000,-0.50099999,-0.51400000,0.24400000,0.26400000,-0.50800002,0.24699999,0.17000000,0.20299999,0.13300000,0.14700000,0.15899999
0.01300000,-0.52800000,-0.54100001,0.25700000,0.27700001,-0.53399998,0.24100000,0.15600000,0.19400001,0.12000000,0.13800000,0.15300000
0.01800000,-0.53100002,-0.54799998,0.25700000,0.28299999,-0.53899997,0.23500000,0.14399999,0.17700000,0.11300000,0.12899999,0.14200000
0.01600000,-0.56000000,-0.57599998,0.27200001,0.29600000,-0.56800002,0.23400000,0.13600001,0.14800000,0.10400000,0.12200000,0.13300000
-0.03200000,-0.57200003,-0.54100001,0.30199999,0.25500000,-0.55599999,0.23600000,0.12800001,0.12100000,0.08600000,0.09700000,0.12200000
-0.06100000,-0.56999999,-0.50800002,0.31600001,0.22400001,-0.53899997,0.23300000,0.10100000,0.10600000,0.05300000,0.06800000,0.11600000
-0.07300000,-0.58300000,-0.50999999,0.32900000,0.21799999,-0.54600000,0.23700000,0.08300000,0.10400000,0.04400000,0.06400000,0.10800000
-0.09500000,-0.58600003,-0.49100000,0.34099999,0.19900000,-0.53899997,0.23000000,0.07500000,0.09600000,0.04600000,0.06200000,0.10200000
-0.09500000,-0.57800001,-0.48300001,0.33600000,0.19400001,-0.52999997,0.23199999,0.08600000,0.10100000,0.04300000,0.05900000,0.09300000
-0.07800000,-0.56999999,-0.49300000,0.32400000,0.20800000,-0.53100002,0.22800000,0.06300000,0.08400000,0.03900000,0.05600000,0.08900000
-0.08100000,-0.55900002,-0.47900000,0.31999999,0.19900000,-0.51899999,0.23100001,0.08800000,0.09900000,0.04100000,0.05500000,0.08300000
-0.09000000,-0.61100000,-0.52100003,0.35100001,0.21600001,-0.56599998,0.25099999,0.07700000,0.10000000,0.05000000,0.06700000,0.08700000
-0.10900000,-0.64300001,-0.53399998,0.37599999,0.21300000,-0.58800000,0.24500000,0.10200000,0.11500000,0.05500000,0.06200000,0.08300000
-0.15300000,-0.62699997,-0.47400001,0.38999999,0.16100000,-0.55000001,0.26899999,0.11400000,0.11500000,0.04100000,0.04400000,0.08700000
-0.14700000,-0.64499998,-0.49800000,0.39600000,0.17600000,-0.57099998,0.34099999,0.25299999,0.19100000,0.07500000,0.05500000,0.08000000
-0.01500000,-0.52999997,-0.51400000,0.27200001,0.25000000,-0.52200001,0.33100000,0.58899999,0.63499999,0.46599999,0.36100000,0.23999999
0.68199998,-0.26300001,-0.94499999,-0.20900001,0.81300002,-0.60299999,-0.12500000,0.55800003,1.07599998,1.16299999,1.05999994,0.86100000
1.06099999,-0.11700000,-1.17799997,-0.47200000,1.11899996,-0.64700001,-0.60399997,-0.25200000,0.48899999,0.83600003,0.96399999,1.01699996
0.33800000,-0.34200001,-0.68099999,0.00200000,0.50999999,-0.51099998,-0.67400002,-1.78400004,-1.18599999,-0.59700000,-0.15000001,0.25900000
-0.08600000,-0.64899999,-0.56300002,0.36800000,0.23899999,-0.60600001,-0.53399998,-1.79700005,-1.54200006,-1.02900004,-0.59899998,-0.17900001
-0.05100000,-0.65300000,-0.60200000,0.35299999,0.27599999,-0.62699997,-0.17200001,-0.60799998,-0.59299999,-0.46300000,-0.27300000,-0.05500000
-0.04800000,-0.57499999,-0.52700001,0.31200001,0.23999999,-0.55100000,0.08700000,-0.11300000,-0.12600000,-0.10900000,-0.03300000,0.06000000
-0.02600000,-0.55900002,-0.53399998,0.29300001,0.25400001,-0.54600000,0.18400000,0.15200000,0.10200000,0.04400000,0.06300000,0.11200000
-0.05600000,-0.56400001,-0.50800002,0.31099999,0.22600000,-0.53600001,0.24300000,0.19200000,0.16800000,0.09500000,0.09800000,0.12500000
-0.02800000,-0.56900001,-0.54000002,0.29899999,0.25600001,-0.55400002,0.23600000,0.23400000,0.20700000,0.12400000,0.12800001,0.13500001
-0.01600000,-0.55500001,-0.54000002,0.28600001,0.26199999,-0.54699999,0.24200000,0.26699999,0.24400000,0.13500001,0.13600001,0.14100000
-0.02600000,-0.56099999,-0.53399998,0.29400000,0.25500000,-0.54699999,0.23899999,0.27200001,0.24500000,0.14399999,0.14399999,0.13800000
-0.05800000,-0.56999999,-0.51300001,0.31400001,0.22700000,-0.54100001,0.24800000,0.31700000,0.27500001,0.16100000,0.15500000,0.15099999
-0.03300000,-0.56599998,-0.53399998,0.30000001,0.25099999,-0.55000001,0.25400001,0.31799999,0.27800000,0.17399999,0.16500001,0.16100000
-0.01200000,-0.55900002,-0.54699999,0.28600001,0.26800001,-0.55299997,0.25500000,0.35699999,0.30100000,0.18799999,0.17500000,0.16400000
-0.00200000,-0.53299999,-0.53100002,0.26800001,0.26499999,-0.53200001,0.26100001,0.37200001,0.31200001,0.19499999,0.17800000,0.17500000
0.02500000,-0.51499999,-0.54000002,0.24500000,0.28200001,-0.52700001,0.25799999,0.40099999,0.34500000,0.21799999,0.20100001,0.18099999
0.02800000,-0.51800001,-0.54699999,0.24500000,0.28700000,-0.53200001,0.25500000,0.43399999,0.37400001,0.23999999,0.21400000,0.18600000
0.08700000,-0.50000000,-0.58600003,0.20700000,0.33700001,-0.54299998,0.25200000,0.48800001,0.40599999,0.26600000,0.23300000,0.20600000
0.08500000,-0.49000001,-0.57499999,0.20299999,0.33000001,-0.53200001,0.24900000,0.53899997,0.45100001,0.29300001,0.25600001,0.22300000
0.08100000,-0.47799999,-0.56000000,0.19900000,0.32100001,-0.51899999,0.25799999,0.61500001,0.50999999,0.33500001,0.28299999,0.25200000
0.11800000,-0.46300000,-0.58200002,0.17299999,0.35100001,-0.52200001,0.26699999,0.70400000,0.57300001,0.37700000,0.32200000,0.27599999
0.14100000,-0.43799999,-0.57800001,0.14900000,0.36000001,-0.50800002,0.26199999,0.78600001,0.63800001,0.42199999,0.35600001,0.29899999
0.18400000,-0.39399999,-0.57700002,0.10500000,0.38100001,-0.48500001,0.25999999,0.87900001,0.71200001,0.48100001,0.39899999,0.33500001
0.22400001,-0.37400001,-0.59799999,0.07500000,0.41200000,-0.48600000,0.25700000,0.96200001,0.78899997,0.54100001,0.45199999,0.36899999
0.25299999,-0.33700001,-0.58999997,0.04200000,0.42199999,-0.46300000,0.25299999,1.01100004,0.84899998,0.59799999,0.49900001,0.40799999
0.23500000,-0.32600001,-0.56099999,0.04500000,0.39800000,-0.44299999,0.26600000,1.00000000,0.86000001,0.62500000,0.52899998,0.43200001
0.22600000,-0.34099999,-0.56699997,0.05800000,0.39700001,-0.45400000,0.25600001,0.93800002,0.83800000,0.62300003,0.53299999,0.43500000
0.23400000,-0.32900000,-0.56300002,0.04800000,0.39899999,-0.44600001,0.24100000,0.79299998,0.75900000,0.57099998,0.49300000,0.40500000
0.18200000,-0.35400000,-0.53600001,0.08600000,0.35900000,-0.44499999,0.24600001,0.61400002,0.61900002,0.47099999,0.42100000,0.35499999
0.10900000,-0.43200001,-0.54100001,0.16200000,0.32499999,-0.48600000,0.24400000,0.45500001,0.47799999,0.36600000,0.33700001,0.29899999
0.06600000,-0.46599999,-0.53200001,0.20000000,0.29899999,-0.49800000,0.24500000,0.31900001,0.35699999,0.25999999,0.24600001,0.22800000
0.01100000,-0.48199999,-0.49300000,0.23600000,0.25200000,-0.48800001,0.24500000,0.23700000,0.27100000,0.18700001,0.18200000,0.17700000
-0.04000000,-0.51700002,-0.47700000,0.27900001,0.21900000,-0.49700001,0.24500000,0.19100000,0.21500000,0.14500000,0.15000001,0.15000001
0.00300000,-0.50900000,-0.51099998,0.25299999,0.25700000,-0.50999999,0.24500000,0.15000001,0.18000001,0.11400000,0.13300000,0.14000000
0.00200000,-0.52999997,-0.53200001,0.26400000,0.26699999,-0.53100002,0.24500000,0.13400000,0.18000001,0.10800000,0.12600000,0.13300000
-0.06700000,-0.55900002,-0.49200001,0.31299999,0.21300000,-0.52499998,0.25000000,0.13400000,0.17900001,0.10000000,0.11700000,0.12300000
-0.08100000,-0.55299997,-0.47200000,0.31700000,0.19599999,-0.51200002,0.25000000,0.13000000,0.17399999,0.09400000,0.10700000,0.11800000
-0.09800000,-0.55599999,-0.45800000,0.32699999,0.18000001,-0.50700003,0.25000000,0.12800001,0.17200001,0.08400000,0.10100000,0.11200000
-0.08600000,-0.55400002,-0.46799999,0.31999999,0.19100000,-0.51099998,0.24699999,0.12400000,0.16800000,0.08500000,0.09900000,0.10700000
-0.04900000,-0.55599999,-0.50700003,0.30300000,0.22900000,-0.53100002,0.24400000,0.12700000,0.16500001,0.09600000,0.09600000,0.10100000
-0.05900000,-0.55000001,-0.49100000,0.30500001,0.21600001,-0.52100003,0.24600001,0.12600000,0.16100000,0.09500000,0.09400000,0.09600000
-0.06300000,-0.54900002,-0.48699999,0.30599999,0.21200000,-0.51800001,0.24900000,0.12400000,0.15899999,0.09400000,0.08900000,0.10300000
-0.04400000,-0.54299998,-0.49800000,0.29400000,0.22800000,-0.52100003,0.25000000,0.12500000,0.15600000,0.09000000,0.09300000,0.10600000
-0.05800000,-0.54400003,-0.48600000,0.30100000,0.21400000,-0.51499999,0.25099999,0.12400000,0.15300000,0.09000000,0.10100000,0.10100000
-0.04700000,-0.53299999,-0.48600000,0.28999999,0.21900000,-0.50900000,0.25500000,0.12500000,0.15000001,0.08800000,0.10000000,0.09900000
-0.02400000,-0.52100003,-0.49800000,0.27300000,0.23700000,-0.50900000,0.25500000,0.12200000,0.14800000,0.08400000,0.10000000,0.09500000
-0.07200000,-0.55299997,-0.48100001,0.31299999,0.20500000,-0.51700002,0.25299999,0.11900000,0.14399999,0.08500000,0.10000000,0.09500000
-0.07300000,-0.54600000,-0.47299999,0.31000000,0.20000000,-0.50999999,0.24900000,0.12000000,0.14000000,0.08100000,0.09900000,0.10100000
-0.06900000,-0.54200000,-0.47299999,0.30500001,0.20200001,-0.50700003,0.24699999,0.12000000,0.13800000,0.08000000,0.10100000,0.09900000
-0.08000000,-0.54299998,-0.46300000,0.31200001,0.19200000,-0.50300002,0.24400000,0.12000000,0.13300000,0.07900000,0.10500000,0.09600000
-0.07600000,-0.55500001,-0.47900000,0.31600001,0.20200001,-0.51700002,0.24100000,0.12000000,0.13000000,0.07500000,0.10500000,0.09300000
-0.07000000,-0.55900002,-0.48899999,0.31500000,0.20999999,-0.52399999,0.23899999,0.11300000,0.12600000,0.07100000,0.10500000,0.08900000
-0.05300000,-0.53299999,-0.47999999,0.29400000,0.21400000,-0.50700003,0.23500000,0.10500000,0.12500000,0.06900000,0.10500000,0.09100000
-0.07400000,-0.54699999,-0.47299999,0.31099999,0.19900000,-0.50999999,0.23000000,0.10000000,0.12500000,0.06400000,0.10500000,0.09500000
-0.07300000,-0.54299998,-0.47000000,0.30800000,0.19900000,-0.50599998,0.22499999,0.09000000,0.12500000,0.06000000,0.10100000,0.09500000
-0.08700000,-0.53899997,-0.45199999,0.31299999,0.18200000,-0.49500000,0.22300000,0.08600000,0.12400000,0.05800000,0.10000000,0.09900000
-0.07000000,-0.53799999,-0.46799999,0.30399999,0.19900000,-0.50300002,0.21300000,0.07200000,0.12700000,0.05300000,0.10000000,0.10000000
-0.05400000,-0.54299998,-0.48899999,0.29899999,0.21699999,-0.51599997,0.23300000,0.08200000,0.13000000,0.06700000,0.09500000,0.09600000
-0.08100000,-0.55400002,-0.47299999,0.31799999,0.19599999,-0.51300001,0.25400001,0.10300000,0.13000000,0.08200000,0.09500000,0.09500000
-0.05800000,-0.54000002,-0.48100001,0.29899999,0.21200000,-0.50999999,0.24600001,0.09900000,0.12899999,0.07900000,0.09600000,0.09400000
-0.04000000,-0.52700001,-0.48699999,0.28400001,0.22300000,-0.50700003,0.24500000,0.10100000,0.13000000,0.08100000,0.10000000,0.09600000
-0.04600000,-0.52899998,-0.48300001,0.28799999,0.21900000,-0.50500000,0.24100000,0.10000000,0.12899999,0.08000000,0.10300000,0.09400000
-0.04600000,-0.51599997,-0.47000000,0.28099999,0.21200000,-0.49300000,0.23999999,0.10000000,0.13200000,0.07900000,0.10600000,0.09700000
-0.03300000,-0.47900000,-0.44600001,0.25700000,0.20600000,-0.46300000,0.23600000,0.09700000,0.15000001,0.08500000,0.11000000,0.10900000
-0.02500000,-0.47000000,-0.44499999,0.24800000,0.20999999,-0.45699999,0.22700000,0.09500000,0.15800001,0.09400000,0.10800000,0.11800000
-0.02000000,-0.46500000,-0.44499999,0.24300000,0.21300000,-0.45500001,0.22100000,0.11500000,0.17800000,0.11400000,0.12700000,0.12899999
-0.02300000,-0.46399999,-0.44100001,0.24400000,0.20900001,-0.45300001,0.21300000,0.11700000,0.19800000,0.11700000,0.13699999,0.13699999
0.00300000,-0.46500000,-0.46799999,0.23100001,0.23600000,-0.46599999,0.20500000,0.10400000,0.18300000,0.10500000,0.12800001,0.14500000
0.01500000,-0.46500000,-0.47999999,0.22499999,0.24800000,-0.47200000,0.20000000,0.09600000,0.17000000,0.09800000,0.12300000,0.14200000
0.00700000,-0.46399999,-0.47099999,0.22900000,0.23899999,-0.46700001,0.19400001,0.08400000,0.15500000,0.08800000,0.11800000,0.12700000
-0.00700000,-0.46900001,-0.46200001,0.23800001,0.22800000,-0.46500000,0.18900000,0.08200000,0.14200000,0.07800000,0.10900000,0.11800000
-0.06200000,-0.51099998,-0.44900000,0.28700000,0.19400001,-0.47999999,0.20900001,0.07000000,0.12600000,0.06100000,0.08300000,0.10700000
-0.09300000,-0.52600002,-0.43300000,0.31000000,0.17000000,-0.47900000,0.22200000,0.06900000,0.11100000,0.04500000,0.06900000,0.09900000
-0.09400000,-0.52600002,-0.43200001,0.31000000,0.16900000,-0.47900000,0.21300000,0.05600000,0.09600000,0.03900000,0.06800000,0.09000000
-0.08400000,-0.53100002,-0.44700000,0.30800000,0.18099999,-0.48899999,0.20800000,0.05400000,0.10000000,0.04000000,0.06200000,0.08200000
-0.09400000,-0.53100002,-0.43700001,0.31299999,0.17200001,-0.48400000,0.20800000,0.04500000,0.10200000,0.04000000,0.06000000,0.07800000
-0.09800000,-0.53799999,-0.44000000,0.31799999,0.17200001,-0.48899999,0.19499999,0.03200000,0.10000000,0.04000000,0.05500000,0.07500000
-0.09500000,-0.52100003,-0.42500001,0.30800000,0.16500001,-0.47299999,0.21100000,0.04900000,0.11300000,0.04100000,0.05400000,0.07100000
-0.06400000,-0.50199997,-0.43799999,0.28299999,0.18700001,-0.47000000,0.19800000,0.03300000,0.08800000,0.03500000,0.05200000,0.06800000
-0.05900000,-0.48800001,-0.42899999,0.27399999,0.18600000,-0.45800000,0.20400000,0.07300000,0.11500000,0.03100000,0.03800000,0.06300000
-0.07900000,-0.51899999,-0.44100001,0.30000001,0.18099999,-0.47999999,0.24800000,0.07400000,0.10300000,0.02100000,0.02500000,0.05400000
-0.08900000,-0.51700002,-0.42800000,0.30399999,0.16900000,-0.47200000,0.31900001,0.34200001,0.31500000,0.15500000,0.11100000,0.06400000
0.23899999,-0.34900001,-0.58800000,0.05500000,0.41400000,-0.46799999,0.14800000,0.59100002,0.86400002,0.76300001,0.64700001,0.46599999
1.00199997,-0.08900000,-1.09099996,-0.45600000,1.04700005,-0.58899999,-0.43200001,0.27700001,0.96899998,1.15499997,1.12600005,1.00899994
0.82099998,-0.06800000,-0.88900000,-0.37599999,0.85500002,-0.47900000,-0.72500002,-1.04900002,-0.29600000,0.13500001,0.43300000,0.66100001
0.03700000,-0.40300000,-0.44000000,0.18300000,0.23899999,-0.42199999,-0.69300002,-2.18799996,-1.63300002,-1.02400005,-0.52999997,-0.07400000
-0.07300000,-0.56599998,-0.49399999,0.31999999,0.21100000,-0.52999997,-0.44900000,-1.35000002,-1.17499995,-0.82800001,-0.51700002,-0.18500000
-0.03500000,-0.48100001,-0.44499999,0.25799999,0.20500000,-0.46200001,-0.07000000,-0.39600000,-0.35699999,-0.28600001,-0.15200000,-0.01800000
-0.03800000,-0.45199999,-0.41400000,0.24600001,0.18799999,-0.43300000,0.07500000,-0.07600000,-0.05700000,-0.06100000,0.00100000,0.06000000
-0.03300000,-0.44200000,-0.40900001,0.23800001,0.18799999,-0.42500001,0.15000001,0.11000000,0.12200000,0.03900000,0.05400000,0.09000000
-0.03300000,-0.43200001,-0.40000001,0.23300000,0.18400000,-0.41600001,0.17600000,0.10600000,0.13900000,0.06900000,0.08700000,0.09800000
-0.02200000,-0.43000001,-0.40799999,0.22600000,0.19300000,-0.41900000,0.17700000,0.17900001,0.19499999,0.09200000,0.10100000,0.10200000
-0.03400000,-0.42800000,-0.39399999,0.23100001,0.18000001,-0.41100001,0.18400000,0.16900000,0.20700000,0.10600000,0.10800000,0.10400000
-0.02100000,-0.42500001,-0.40400001,0.22300000,0.19200000,-0.41400000,0.17600000,0.19200000,0.21200000,0.11700000,0.11700000,0.11000000
-0.02900000,-0.42300001,-0.39399999,0.22600000,0.18300000,-0.40799999,0.18400000,0.20999999,0.22800000,0.12400000,0.12000000,0.10900000
-0.01500000,-0.43000001,-0.41600001,0.22300000,0.20100001,-0.42300001,0.18400000,0.23199999,0.24200000,0.14200000,0.13600001,0.11300000
-0.01600000,-0.41900000,-0.40300000,0.21799999,0.19400001,-0.41100001,0.18300000,0.25400001,0.26600000,0.15600000,0.13900000,0.11800000
-0.00400000,-0.39600000,-0.39199999,0.20000000,0.19400001,-0.39399999,0.17900001,0.26899999,0.27500001,0.16200000,0.14800000,0.12100000
0.02500000,-0.37900001,-0.40400001,0.17700000,0.21500000,-0.39199999,0.17600000,0.29899999,0.29499999,0.17700000,0.16100000,0.13900000
0.03800000,-0.37000000,-0.40799999,0.16599999,0.22400001,-0.38900000,0.17100000,0.33399999,0.32499999,0.20200001,0.18000001,0.15800001
0.07000000,-0.36000001,-0.43099999,0.14500000,0.25099999,-0.39600000,0.17000000,0.38900000,0.35699999,0.22600000,0.20100001,0.16700000
0.07000000,-0.34900001,-0.41900000,0.13900000,0.24500000,-0.38400000,0.17700000,0.44900000,0.39899999,0.25200000,0.21900000,0.17900001
0.07700000,-0.33300000,-0.41000000,0.12800001,0.24400000,-0.37099999,0.19200000,0.53100002,0.45199999,0.29499999,0.25299999,0.20999999
0.13600001,-0.31000000,-0.44600001,0.08700000,0.29100001,-0.37799999,0.19599999,0.63000000,0.51700002,0.34400001,0.28999999,0.23500000
0.19700000,-0.26600000,-0.46300000,0.03500000,0.33000001,-0.36399999,0.19100000,0.72799999,0.58600003,0.39800000,0.33700001,0.26100001
0.23300000,-0.22499999,-0.45800000,-0.00400000,0.34599999,-0.34200001,0.19000000,0.81099999,0.64999998,0.44999999,0.37900001,0.29699999
0.24800000,-0.21200000,-0.45899999,-0.01800000,0.35400000,-0.33500001,0.18600000,0.88700002,0.73299998,0.51099998,0.43099999,0.34200001
0.25999999,-0.20800000,-0.46799999,-0.02600000,0.36500001,-0.33800000,0.18500000,0.90899998,0.77800000,0.55500001,0.46900001,0.37300000
0.27800000,-0.18200000,-0.46000001,-0.04800000,0.36899999,-0.32100001,0.17500000,0.88400000,0.78600001,0.54900002,0.48899999,0.38200000
0.26899999,-0.15600000,-0.42500001,-0.05600000,0.34700000,-0.28999999,0.15800001,0.79400003,0.75099999,0.53600001,0.48699999,0.38499999
0.20900001,-0.18600000,-0.39500001,-0.01100000,0.30199999,-0.28999999,0.15300000,0.61199999,0.62300003,0.48400000,0.42399999,0.33700001
0.13800000,-0.22900000,-0.36700001,0.04600000,0.25299999,-0.29800001,0.15500000,0.42300001,0.46300000,0.37200001,0.33700001,0.26400000
0.07300000,-0.27500001,-0.34799999,0.10100000,0.21100000,-0.31099999,0.15500000,0.27200001,0.32100001,0.25200000,0.24100000,0.20200001
0.03800000,-0.30500001,-0.34299999,0.13400000,0.19100000,-0.32400000,0.15500000,0.16100000,0.21500000,0.17000000,0.16599999,0.14900000
0.00400000,-0.34200001,-0.34599999,0.16900000,0.17500000,-0.34400001,0.16000000,0.10300000,0.14500000,0.11600000,0.11600000,0.11300000
-0.03400000,-0.37500000,-0.34099999,0.20500000,0.15400000,-0.35800001,0.16000000,0.05900000,0.09800000,0.07700000,0.08500000,0.08600000
-0.04300000,-0.36500001,-0.32200000,0.20400000,0.14000000,-0.34299999,0.16000000,0.02800000,0.07300000,0.06700000,0.08200000,0.07100000
-0.05600000,-0.36500001,-0.30899999,0.21100000,0.12700000,-0.33700001,0.16000000,0.02200000,0.06000000,0.05600000,0.07600000,0.06600000
-0.05000000,-0.35600001,-0.30599999,0.20299999,0.12899999,-0.33100000,0.16000000,0.01700000,0.05200000,0.04400000,0.07200000,0.06200000
-0.05500000,-0.35900000,-0.30399999,0.20700000,0.12500000,-0.33100000,0.16000000,0.01300000,0.04800000,0.04000000,0.06800000,0.05700000
-0.07600000,-0.37500000,-0.29800001,0.22499999,0.11100000,-0.33600000,0.16000000,0.00900000,0.04200000,0.03300000,0.06300000,0.05300000
-0.07200000,-0.37000000,-0.29699999,0.22200000,0.11300000,-0.33300000,0.16400000,0.00500000,0.03600000,0.03000000,0.06000000,0.04800000
-0.07700000,-0.36700001,-0.28999999,0.22200000,0.10700000,-0.32800001,0.16500001,-0.00100000,0.03100000,0.02400000,0.06000000,0.04500000
-0.07700000,-0.37000000,-0.29200000,0.22300000,0.10800000,-0.33100000,0.16500001,-0.00300000,0.02500000,0.02000000,0.05800000,0.04500000
-0.06800000,-0.35400000,-0.28600001,0.21100000,0.11000000,-0.31999999,0.16500001,0.00000000,0.02700000,0.03200000,0.05400000,0.04300000
-0.06600000,-0.36300001,-0.29600000,0.21400000,0.11500000,-0.32900000,0.16500001,0.00300000,0.03100000,0.03400000,0.05500000,0.03900000
-0.07700000,-0.39500001,-0.31700000,0.23600000,0.12100000,-0.35600001,0.16300000,0.00500000,0.03000000,0.02800000,0.05100000,0.04000000
-0.08700000,-0.36300001,-0.27599999,0.22499999,0.09500000,-0.31900001,0.15600000,-0.00400000,0.02900000,0.02400000,0.04500000,0.03600000
-0.08700000,-0.34700000,-0.25999999,0.21699999,0.08600000,-0.30300000,0.15200000,-0.01700000,0.02400000,0.01900000,0.04000000,0.03400000
-0.08900000,-0.35200000,-0.26300001,0.22100000,0.08700000,-0.30700001,0.14500000,-0.02800000,0.02500000,0.01600000,0.03400000,0.03500000
-0.06800000,-0.34599999,-0.27900001,0.20700000,0.10600000,-0.31200001,0.14000000,-0.03100000,0.02100000,0.01100000,0.02900000,0.03500000
-0.04900000,-0.34500000,-0.29600000,0.19800000,0.12400000,-0.32100001,0.13500001,-0.03000000,0.00900000,0.00800000,0.02300000,0.03500000
-0.06100000,-0.34400001,-0.28299999,0.20299999,0.11100000,-0.31299999,0.13000000,-0.03000000,-0.00300000,0.00400000,0.02000000,0.03400000
-0.05900000,-0.34299999,-0.28400001,0.20100001,0.11300000,-0.31299999,0.12600000,-0.03000000,-0.01200000,0.00100000,0.02000000,0.02900000
-0.05000000,-0.32699999,-0.27599999,0.18900000,0.11300000,-0.30100000,0.12300000,-0.03000000,-0.02000000,-0.00300000,0.02000000,0.02600000
-0.06500000,-0.33899999,-0.27500001,0.20200001,0.10500000,-0.30700001,0.12000000,-0.03800000,-0.02800000,-0.00500000,0.02000000,0.02300000
-0.07400000,-0.34000000,-0.26600000,0.20700000,0.09700000,-0.30300000,0.11400000,-0.04500000,-0.03000000,-0.00800000,0.02000000,0.01800000
-0.07500000,-0.35100001,-0.27599999,0.21300000,0.10100000,-0.31299999,0.12600000,-0.04500000,-0.03000000,-0.01100000,0.01600000,0.01500000
-0.05300000,-0.35299999,-0.30000001,0.20299999,0.12400000,-0.32600001,0.13500001,-0.04500000,-0.03000000,-0.01400000,0.01500000,0.01900000
-0.04900000,-0.32400000,-0.27500001,0.18600000,0.11300000,-0.29899999,0.12600000,-0.04600000,-0.03000000,-0.01500000,0.01500000,0.02000000
-0.08000000,-0.32300001,-0.24300000,0.20200001,0.08100000,-0.28299999,0.12300000,-0.04700000,-0.03000000,-0.00900000,0.01100000,0.02000000
-0.06700000,-0.31200001,-0.24500000,0.18900000,0.08900000,-0.27800000,0.11600000,-0.04000000,-0.02300000,-0.00600000,0.00900000,0.02500000
-0.05900000,-0.30599999,-0.24699999,0.18300000,0.09500000,-0.27700001,0.11000000,-0.03200000,-0.01600000,0.00000000,0.01100000,0.02500000
-0.04800000,-0.28700000,-0.23800001,0.16800000,0.09500000,-0.26199999,0.11500000,-0.02700000,-0.00900000,0.00100000,0.01900000,0.02600000
-0.03300000,-0.26499999,-0.23199999,0.14900000,0.10000000,-0.24800000,0.12300000,-0.01700000,-0.00300000,0.01300000,0.03100000,0.03400000
-0.03900000,-0.26499999,-0.22600000,0.15200000,0.09400000,-0.24500000,0.11600000,-0.00800000,0.00500000,0.02400000,0.03900000,0.04500000
-0.02800000,-0.25900000,-0.23100001,0.14399999,0.10200000,-0.24500000,0.10500000,0.00500000,0.01100000,0.03100000,0.05300000,0.05300000
-0.01200000,-0.24800000,-0.23500000,0.13000000,0.11200000,-0.24100000,0.09900000,0.00700000,0.01800000,0.04400000,0.06000000,0.04900000
0.00200000,-0.24900000,-0.25000000,0.12400000,0.12600000,-0.24900000,0.08600000,-0.00200000,0.02500000,0.03200000,0.05000000,0.04400000
0.00500000,-0.25999999,-0.26400000,0.12800001,0.13500001,-0.26199999,0.08600000,-0.01200000,0.00100000,0.02200000,0.04200000,0.04000000
0.00300000,-0.25099999,-0.25400001,0.12400000,0.12899999,-0.25299999,0.08400000,-0.03800000,-0.03100000,0.01400000,0.03300000,0.03500000
-0.00300000,-0.24900000,-0.24600001,0.12600000,0.12200000,-0.24800000,0.08500000,-0.03800000,-0.02900000,0.00500000,0.02300000,0.03000000
-0.03800000,-0.27200001,-0.23400000,0.15600000,0.09800000,-0.25299999,0.10000000,-0.05300000,-0.03200000,0.00100000,0.01600000,0.02600000
-0.09100000,-0.31400001,-0.22300000,0.20299999,0.06600000,-0.26800001,0.10600000,-0.07400000,-0.05900000,-0.01000000,0.00400000,0.01500000
-0.10600000,-0.31900001,-0.21300000,0.21300000,0.05400000,-0.26600000,0.10500000,-0.07600000,-0.07900000,-0.02000000,-0.00500000,0.00500000
-0.08500000,-0.30199999,-0.21699999,0.19400001,0.06600000,-0.25900000,0.10000000,-0.07400000,-0.08100000,-0.03300000,-0.01600000,-0.00400000
-0.08100000,-0.28999999,-0.20900001,0.18600000,0.06400000,-0.24900000,0.10200000,-0.08500000,-0.07800000,-0.04000000,-0.03100000,-0.02200000
-0.09000000,-0.30100000,-0.21100000,0.19499999,0.06100000,-0.25600001,0.09800000,-0.09900000,-0.08400000,-0.03900000,-0.03400000,-0.02400000
-0.09800000,-0.32100001,-0.22200000,0.20999999,0.06200000,-0.27100000,0.10700000,-0.07000000,-0.07400000,-0.04100000,-0.03700000,-0.02700000
-0.06800000,-0.30300000,-0.23400000,0.18600000,0.08300000,-0.26800001,0.10400000,-0.08900000,-0.08700000,-0.03900000,-0.03300000,-0.02300000
-0.08500000,-0.29600000,-0.21200000,0.19100000,0.06400000,-0.25400001,0.10900000,-0.04600000,-0.07300000,-0.04100000,-0.03700000,-0.02600000
-0.11000000,-0.31999999,-0.20999999,0.21500000,0.05000000,-0.26400000,0.14200000,-0.02500000,-0.05700000,-0.03800000,-0.03600000,-0.04400000
-0.14300001,-0.34999999,-0.20700000,0.24699999,0.03200000,-0.27800000,0.21200000,0.16400000,0.08000000,0.03400000,0.00600000,-0.04300000
0.12600000,-0.20200001,-0.32699999,0.03800000,0.22700000,-0.26400000,0.07900000,0.45300001,0.58999997,0.57099998,0.46500000,0.30599999
0.93199998,0.10200000,-0.82999998,-0.51700002,0.88099998,-0.36399999,-0.45899999,0.35900000,0.89399999,1.12399995,1.06900001,0.91299999
0.84100002,0.16300000,-0.67799997,-0.50199997,0.75900000,-0.25700000,-0.73199999,-0.81400001,-0.20700000,0.27399999,0.51599997,0.68400002
0.01300000,-0.10900000,-0.12200000,0.04800000,0.06800000,-0.11600000,-0.69800001,-2.13000011,-1.66999996,-0.96700001,-0.50400001,-0.09100000
-0.13100000,-0.33399999,-0.20400000,0.23300000,0.03700000,-0.26899999,-0.55199999,-1.54100001,-1.43700004,-0.92900002,-0.59200001,-0.26699999
-0.07400000,-0.32200000,-0.24800000,0.19800000,0.08700000,-0.28500000,-0.21100000,-0.56099999,-0.62300003,-0.42199999,-0.27100000,-0.11900000
-0.05500000,-0.26499999,-0.20999999,0.16000000,0.07800000,-0.23700000,-0.02700000,-0.21200000,-0.27100000,-0.16400000,-0.09800000,-0.04700000
-0.04000000,-0.26100001,-0.22100000,0.15099999,0.09000000,-0.24100000,0.04800000,0.00500000,-0.07900000,-0.05800000,-0.02900000,-0.00800000
-0.08100000,-0.28200001,-0.20100001,0.18200000,0.06000000,-0.24100000,0.08100000,0.01500000,-0.04900000,-0.02100000,0.00700000,0.00700000
-0.06400000,-0.27599999,-0.21200000,0.17100000,0.07400000,-0.24400000,0.07300000,0.07800000,0.00400000,0.01700000,0.03000000,0.02300000
-0.06600000,-0.26600000,-0.19900000,0.16599999,0.06700000,-0.23199999,0.07800000,0.09100000,0.02900000,0.04200000,0.04200000,0.03600000
-0.05000000,-0.25900000,-0.20800000,0.15500000,0.07900000,-0.23300000,0.07200000,0.10900000,0.04500000,0.06000000,0.05300000,0.04200000
-0.04300000,-0.24600001,-0.20299999,0.14500000,0.08000000,-0.22400001,0.07900000,0.13000000,0.06100000,0.05800000,0.04800000,0.03500000
-0.02800000,-0.23700000,-0.20900001,0.13300000,0.09100000,-0.22200000,0.08900000,0.14900000,0.06400000,0.05500000,0.05100000,0.03600000
-0.01000000,-0.22200000,-0.21100000,0.11600000,0.10100000,-0.21600001,0.09000000,0.17000000,0.08900000,0.07400000,0.06900000,0.06400000
0.00100000,-0.21200000,-0.21300000,0.10600000,0.10800000,-0.21200000,0.08500000,0.19200000,0.10700000,0.09600000,0.08800000,0.07800000
0.04900000,-0.16900000,-0.21799999,0.06000000,0.13400000,-0.19300000,0.08400000,0.22400001,0.11300000,0.09900000,0.08700000,0.07600000
0.06100000,-0.15700001,-0.21799999,0.04800000,0.14000000,-0.18799999,0.08000000,0.24800000,0.13300000,0.12700000,0.10400000,0.08100000
0.04300000,-0.18000001,-0.22300000,0.06900000,0.13300000,-0.20100001,0.08100000,0.30500001,0.17800000,0.15700001,0.14000000,0.10200000
0.07000000,-0.15500000,-0.22400001,0.04300000,0.14700000,-0.18900000,0.08500000,0.36199999,0.21100000,0.17500000,0.15200000,0.11200000
0.10900000,-0.12300000,-0.23300000,0.00700000,0.17200001,-0.17800000,0.08700000,0.42500001,0.25799999,0.20999999,0.17600000,0.12300000
0.12400000,-0.10600000,-0.23100001,-0.00900000,0.17800000,-0.16800000,0.09100000,0.51099998,0.32600001,0.26100001,0.21799999,0.16000000
0.14900000,-0.09700000,-0.24600001,-0.02600000,0.19800000,-0.17100000,0.08600000,0.60699999,0.40400001,0.32100001,0.26199999,0.19800000
0.17800000,-0.07000000,-0.24800000,-0.05300000,0.21300000,-0.15899999,0.08500000,0.69099998,0.48100001,0.37799999,0.31200001,0.22600000
0.20600000,-0.02100000,-0.22700000,-0.09200000,0.21699999,-0.12400000,0.08500000,0.75700003,0.54600000,0.43500000,0.36000001,0.25900000
0.27200001,0.02300000,-0.24900000,-0.14700000,0.25999999,-0.11300000,0.08000000,0.78100002,0.59899998,0.47499999,0.39899999,0.29100001
0.26899999,0.02700000,-0.24300000,-0.14800000,0.25600001,-0.10800000,0.08100000,0.75999999,0.60500002,0.49800000,0.42100000,0.31000000
0.23300000,-0.00200000,-0.23600000,-0.11500000,0.23500000,-0.11900000,0.07700000,0.69999999,0.57300001,0.49900001,0.41800001,0.31400001
0.19000000,-0.03600000,-0.22600000,-0.07700000,0.20800000,-0.13100000,0.08500000,0.55900002,0.49100000,0.43200001,0.37000000,0.28500000
0.10000000,-0.06700000,-0.16700000,-0.01700000,0.13400000,-0.11700000,0.09700000,0.38600001,0.34099999,0.32300001,0.28099999,0.21600001
0.07300000,-0.07000000,-0.14300001,-0.00100000,0.10800000,-0.10600000,0.09400000,0.22800000,0.18900000,0.20600000,0.18300000,0.13800000
0.03900000,-0.09700000,-0.13600001,0.02900000,0.08800000,-0.11600000,0.09500000,0.11600000,0.08700000,0.11400000,0.11100000,0.08400000
-0.03300000,-0.15700001,-0.12400000,0.09500000,0.04600000,-0.14000000,0.09500000,0.06500000,0.02700000,0.06600000,0.06000000,0.04300000
-0.05200000,-0.16800000,-0.11500000,0.11000000,0.03200000,-0.14100000,0.09500000,0.02300000,-0.02000000,0.02700000,0.01700000,0.01700000
-0.05800000,-0.16599999,-0.10700000,0.11200000,0.02500000,-0.13600001,0.09200000,-0.00600000,-0.05600000,0.00000000,-0.00700000,0.00300000
-0.05700000,-0.16000000,-0.10200000,0.10900000,0.02300000,-0.13100000,0.08900000,-0.01600000,-0.07500000,-0.01200000,-0.02000000,-0.01000000
-0.06400000,-0.16200000,-0.09700000,0.11300000,0.01600000,-0.12899999,0.09100000,-0.02900000,-0.08700000,-0.02700000,-0.02700000,-0.01900000
-0.09100000,-0.18200000,-0.09100000,0.13600001,0.00100000,-0.13600001,0.08900000,-0.04400000,-0.10100000,-0.04100000,-0.03400000,-0.02000000
-0.08100000,-0.16700000,-0.08600000,0.12400000,0.00300000,-0.12600000,0.09000000,-0.03800000,-0.09700000,-0.03900000,-0.03500000,-0.02000000
-0.08100000,-0.18099999,-0.10000000,0.13200000,0.00900000,-0.14000000,0.09000000,-0.03000000,-0.09300000,-0.03500000,-0.03500000,-0.02500000
-0.09000000,-0.19000000,-0.10000000,0.14000000,0.00500000,-0.14500000,0.09000000,-0.02600000,-0.09100000,-0.03400000,-0.03500000,-0.02500000
-0.08800000,-0.17700000,-0.08900000,0.13300000,0.00000000,-0.13300000,0.09000000,-0.01500000,-0.08400000,-0.02800000,-0.03500000,-0.02600000
-0.09700000,-0.17900001,-0.08100000,0.13800000,-0.00800000,-0.13000000,0.09000000,-0.02500000,-0.09400000,-0.03700000,-0.03500000,-0.03500000
-0.09800000,-0.17200001,-0.07400000,0.13500001,-0.01100000,-0.12300000,0.09000000,-0.03700000,-0.10200000,-0.04600000,-0.03500000,-0.03700000
-0.10000000,-0.17100000,-0.07100000,0.13500001,-0.01500000,-0.12100000,0.09000000,-0.03400000,-0.09700000,-0.04500000,-0.03500000,-0.03400000
-0.10100000,-0.16500001,-0.06400000,0.13300000,-0.01800000,-0.11500000,0.10200000,-0.03600000,-0.09500000,-0.04500000,-0.03500000,-0.03100000
-0.10000000,-0.16300000,-0.06300000,0.13100000,-0.01800000,-0.11300000,0.10100000,-0.03500000,-0.09200000,-0.04500000,-0.03500000,-0.02800000
-0.10000000,-0.15400000,-0.05300000,0.12700000,-0.02300000,-0.10300000,0.09000000,-0.03500000,-0.09000000,-0.04500000,-0.03500000,-0.02500000
-0.07900000,-0.14600000,-0.06700000,0.11300000,-0.00600000,-0.10600000,0.08400000,-0.03900000,-0.09400000,-0.04900000,-0.03500000,-0.02600000
-0.06700000,-0.13900000,-0.07200000,0.10300000,0.00300000,-0.10500000,0.07500000,-0.04100000,-0.09500000,-0.05000000,-0.03600000,-0.03300000
-0.07000000,-0.12899999,-0.05900000,0.10000000,-0.00500000,-0.09400000,0.06900000,-0.03900000,-0.09500000,-0.05100000,-0.03400000,-0.03900000
-0.09500000,-0.14700000,-0.05200000,0.12100000,-0.02100000,-0.09900000,0.06400000,-0.04200000,-0.09500000,-0.05800000,-0.03700000,-0.04000000
-0.11700000,-0.14900000,-0.03100000,0.13300000,-0.04300000,-0.09000000,0.05800000,-0.05400000,-0.09600000,-0.06400000,-0.04900000,-0.04000000
-0.08300000,-0.13600001,-0.05300000,0.11000000,-0.01500000,-0.09400000,0.05300000,-0.06300000,-0.10500000,-0.06700000,-0.05100000,-0.04000000
-0.05800000,-0.12100000,-0.06300000,0.09000000,0.00300000,-0.09200000,0.04500000,-0.06900000,-0.11400000,-0.07200000,-0.04900000,-0.04100000
-0.06800000,-0.11800000,-0.05000000,0.09300000,-0.00900000,-0.08400000,0.05600000,-0.07000000,-0.11500000,-0.07500000,-0.04600000,-0.04500000
-0.09700000,-0.14399999,-0.04700000,0.12100000,-0.02400000,-0.09600000,0.06700000,-0.07100000,-0.11600000,-0.07700000,-0.04400000,-0.04500000
-0.10800000,-0.14500000,-0.03700000,0.12700000,-0.03500000,-0.09100000,0.06400000,-0.07400000,-0.11900000,-0.08100000,-0.04700000,-0.04500000
-0.10600000,-0.13800000,-0.03200000,0.12200000,-0.03700000,-0.08500000,0.06500000,-0.07600000,-0.12100000,-0.08300000,-0.05100000,-0.04500000
-0.11700000,-0.13900000,-0.02100000,0.12800001,-0.04800000,-0.08000000,0.06500000,-0.07300000,-0.11700000,-0.08700000,-0.04600000,-0.04600000
-0.09200000,-0.13100000,-0.03900000,0.11100000,-0.02600000,-0.08400000,0.06500000,-0.06600000,-0.09800000,-0.07400000,-0.03900000,-0.04200000
-0.06000000,-0.10400000,-0.04400000,0.08200000,-0.00800000,-0.07400000,0.06100000,-0.05600000,-0.07800000,-0.04800000,-0.03300000,-0.03400000
-0.05600000,-0.05900000,-0.00300000,0.05800000,-0.02600000,-0.03100000,0.05400000,-0.04800000,-0.06300000,-0.03700000,-0.02600000,-0.02500000
-0.03800000,-0.02100000,0.01700000,0.02900000,-0.02700000,-0.00200000,0.04800000,-0.04700000,-0.05200000,-0.03500000,-0.02000000,-0.01600000
-0.01100000,0.00700000,0.01800000,0.00200000,-0.01500000,0.01200000,0.04200000,-0.05000000,-0.05400000,-0.03400000,-0.01300000,-0.01500000
-0.00300000,0.00100000,0.00400000,0.00000000,-0.00300000,0.00200000,0.03300000,-0.05100000,-0.05600000,-0.03500000,-0.00400000,-0.01500000
-0.00700000,-0.01800000,-0.01200000,0.01300000,0.00300000,-0.01400000,0.03200000,-0.04700000,-0.05300000,-0.03500000,-0.00300000,-0.01600000
-0.00900000,-0.03700000,-0.02800000,0.02400000,0.01000000,-0.03200000,0.03400000,-0.05800000,-0.05800000,-0.03500000,-0.01700000,-0.01300000
-0.03800000,-0.08200000,-0.04400000,0.06000000,0.00300000,-0.06300000,0.03600000,-0.05300000,-0.05000000,-0.03700000,-0.02800000,-0.02600000
-0.08200000,-0.07400000,0.00800000,0.07800000,-0.04500000,-0.03300000,0.04300000,-0.07500000,-0.07100000,-0.05900000,-0.04800000,-0.05200000
-0.11900000,-0.07600000,0.04200000,0.09700000,-0.08000000,-0.01700000,0.04600000,-0.10400000,-0.09400000,-0.08600000,-0.07100000,-0.05600000
-0.11100000,-0.11300000,-0.00200000,0.11200000,-0.05400000,-0.05700000,0.04500000,-0.10700000,-0.10000000,-0.08700000,-0.06900000,-0.05300000
-0.09000000,-0.09900000,-0.00900000,0.09500000,-0.04000000,-0.05400000,0.04400000,-0.10200000,-0.10200000,-0.09500000,-0.07400000,-0.06200000
-0.11700000,-0.08300000,0.03400000,0.10000000,-0.07600000,-0.02400000,0.04700000,-0.09800000,-0.10900000,-0.10500000,-0.08600000,-0.08000000
-0.11200000,-0.08000000,0.03200000,0.09600000,-0.07200000,-0.02300000,0.04100000,-0.10600000,-0.12899999,-0.10500000,-0.08400000,-0.08100000
-0.11100000,-0.06900000,0.04300000,0.09000000,-0.07700000,-0.01300000,0.05000000,-0.08500000,-0.11200000,-0.10500000,-0.08700000,-0.08500000
-0.12100000,-0.08200000,0.03900000,0.10100000,-0.08000000,-0.02200000,0.04000000,-0.11300000,-0.12700000,-0.10500000,-0.09100000,-0.08800000
-0.14800000,-0.11000000,0.03800000,0.12899999,-0.09300000,-0.03600000,0.05100000,-0.07100000,-0.08900000,-0.10500000,-0.08700000,-0.08900000
-0.15500000,-0.10300000,0.05100000,0.12899999,-0.10300000,-0.02600000,0.08100000,-0.06700000,-0.11200000,-0.09700000,-0.10600000,-0.10600000
-0.15800001,-0.11400000,0.04300000,0.13600001,-0.10000000,-0.03500000,0.15600000,0.14399999,0.04100000,-0.01100000,-0.06100000,-0.09600000
0.14000000,0.03400000,-0.10600000,-0.08700000,0.12300000,-0.03600000,0.03900000,0.44700000,0.62000000,0.57200003,0.44800001,0.27900001
0.90399998,0.34200001,-0.56199998,-0.62300003,0.73299998,-0.10900000,-0.50000000,0.29699999,0.91100001,1.14199996,1.06299996,0.89399999
0.79900002,0.38999999,-0.40900001,-0.59399998,0.60399997,-0.01000000,-0.79000002,-0.88300002,-0.21500000,0.24699999,0.49599999,0.65700001
0.01600000,0.09300000,0.07700000,-0.05500000,-0.03000000,0.08500000,-0.77700001,-2.14199996,-1.70099998,-1.02400005,-0.55400002,-0.12400000
-0.13699999,-0.10900000,0.02800000,0.12300000,-0.08200000,-0.04100000,-0.59899998,-1.51999998,-1.42299998,-0.97299999,-0.64300001,-0.31400001
-0.08800000,-0.05700000,0.03100000,0.07200000,-0.06000000,-0.01300000,-0.25000000,-0.57700002,-0.60200000,-0.46300000,-0.31600001,-0.18000001
-0.08200000,-0.01900000,0.06300000,0.05000000,-0.07200000,0.02200000,-0.08600000,-0.23800001,-0.26400000,-0.19700000,-0.14000000,-0.09100000
-0.06700000,-0.01700000,0.05000000,0.04200000,-0.05800000,0.01700000,-0.00800000,-0.02900000,-0.07000000,-0.09700000,-0.07300000,-0.05300000
-0.09200000,-0.02500000,0.06700000,0.05800000,-0.07900000,0.02100000,0.02700000,-0.05000000,-0.04400000,-0.07200000,-0.05200000,-0.05200000
-0.08700000,-0.03000000,0.05700000,0.05800000,-0.07200000,0.01400000,0.04100000,0.02400000,0.01000000,-0.02600000,-0.02400000,-0.03800000
-0.09000000,-0.01900000,0.07000000,0.05400000,-0.08000000,0.02500000,0.04900000,0.03300000,0.01200000,-0.01300000,-0.01800000,-0.03300000
-0.07500000,-0.01800000,0.05700000,0.04600000,-0.06600000,0.01900000,0.03400000,0.05800000,0.03800000,0.00200000,-0.00700000,-0.02300000
-0.06300000,-0.00900000,0.05400000,0.03600000,-0.05800000,0.02200000,0.03800000,0.08300000,0.06000000,0.00900000,-0.00400000,-0.01600000
-0.04900000,-0.00700000,0.04200000,0.02700000,-0.04500000,0.01800000,0.02800000,0.09100000,0.07200000,0.02000000,0.00800000,-0.00800000
-0.03900000,0.00200000,0.04100000,0.01800000,-0.04000000,0.02100000,0.02600000,0.11500000,0.09500000,0.03300000,0.02600000,0.00000000
-0.02500000,0.00700000,0.03300000,0.00800000,-0.02900000,0.02000000,0.03400000,0.12800001,0.10700000,0.04600000,0.03100000,0.00800000
-0.00600000,0.03300000,0.03900000,-0.01400000,-0.02300000,0.03600000,0.04100000,0.17000000,0.14300001,0.06500000,0.04300000,0.02300000
-0.01300000,0.04600000,0.05900000,-0.01600000,-0.03600000,0.05200000,0.04000000,0.19900000,0.16300000,0.07900000,0.06300000,0.03300000
0.02200000,0.03900000,0.01700000,-0.03100000,0.00200000,0.02800000,0.04000000,0.26300001,0.20500000,0.11700000,0.09200000,0.04900000
0.09300000,0.07900000,-0.01400000,-0.08600000,0.05300000,0.03200000,0.04700000,0.33300000,0.25600001,0.15400000,0.11800000,0.07200000
0.12200000,0.10300000,-0.01800000,-0.11200000,0.07000000,0.04200000,0.05000000,0.39500001,0.30199999,0.18000001,0.13800000,0.08900000
0.12400000,0.11400000,-0.01000000,-0.11900000,0.06700000,0.05200000,0.05000000,0.47600001,0.35900000,0.22200000,0.17000000,0.11000000
0.13400000,0.14800000,0.01500000,-0.14100000,0.05900000,0.08100000,0.05000000,0.55500001,0.44200000,0.27800000,0.21400000,0.14800000
0.18500000,0.15700001,-0.02800000,-0.17000000,0.10600000,0.06400000,0.05000000,0.65200001,0.54100001,0.35699999,0.28000000,0.19900000
0.22200000,0.17200001,-0.05100000,-0.19700000,0.13600001,0.06000000,0.05000000,0.71799999,0.60500002,0.40900001,0.32800001,0.23300000
0.25700000,0.22100000,-0.03600000,-0.23899999,0.14600000,0.09200000,0.04400000,0.74199998,0.65200001,0.45100001,0.35699999,0.25299999
0.26100001,0.23000000,-0.03100000,-0.24500000,0.14600000,0.10000000,0.03900000,0.73299998,0.65799999,0.46799999,0.37799999,0.26699999
0.22499999,0.21100000,-0.01400000,-0.21799999,0.12000000,0.09800000,0.03400000,0.64099997,0.61100000,0.44400001,0.36600000,0.26400000
0.19400001,0.19499999,0.00100000,-0.19400001,0.09600000,0.09700000,0.02800000,0.48500001,0.51999998,0.38699999,0.31999999,0.23899999
0.11500000,0.16500001,0.05000000,-0.14000000,0.03300000,0.10700000,0.02100000,0.30199999,0.35600001,0.27200001,0.23400000,0.17000000
0.04400000,0.13600001,0.09200000,-0.09000000,-0.02400000,0.11400000,0.02300000,0.14900000,0.21100000,0.16000000,0.14200000,0.09300000
-0.00400000,0.11300000,0.11800000,-0.05500000,-0.06100000,0.11500000,0.03200000,0.04400000,0.12100000,0.08000000,0.06600000,0.04000000
-0.03400000,0.10500000,0.14000000,-0.03600000,-0.08700000,0.12200000,0.03100000,-0.03300000,0.04000000,0.02000000,0.00000000,-0.00600000
-0.04800000,0.10000000,0.14800000,-0.02600000,-0.09800000,0.12400000,0.02900000,-0.07700000,-0.01500000,-0.03100000,-0.03800000,-0.04300000
-0.06600000,0.08900000,0.15500000,-0.01200000,-0.11100000,0.12200000,0.03000000,-0.09300000,-0.04000000,-0.06300000,-0.05400000,-0.06400000
-0.08100000,0.07100000,0.15200000,0.00500000,-0.11700000,0.11200000,0.03000000,-0.08700000,-0.05000000,-0.07200000,-0.06000000,-0.06700000
-0.08400000,0.06100000,0.14500000,0.01100000,-0.11500000,0.10300000,0.03000000,-0.08400000,-0.05700000,-0.08400000,-0.05900000,-0.06500000
-0.07400000,0.06700000,0.14000000,0.00300000,-0.10700000,0.10300000,0.03200000,-0.08100000,-0.06100000,-0.08600000,-0.06100000,-0.06500000
-0.06700000,0.06300000,0.13100000,0.00200000,-0.09900000,0.09700000,0.03500000,-0.07500000,-0.05900000,-0.08400000,-0.06000000,-0.06500000
-0.06200000,0.06700000,0.12800001,-0.00300000,-0.09500000,0.09800000,0.03500000,-0.07600000,-0.06000000,-0.08500000,-0.06000000,-0.06500000
-0.06000000,0.05500000,0.11600000,0.00200000,-0.08800000,0.08500000,0.03500000,-0.08000000,-0.06000000,-0.08500000,-0.07200000,-0.06500000
-0.08300000,0.05700000,0.14000000,0.01300000,-0.11200000,0.09900000,0.03500000,-0.08000000,-0.06000000,-0.08500000,-0.07400000,-0.07000000
-0.09100000,0.08600000,0.17700000,0.00200000,-0.13400000,0.13100000,0.03400000,-0.08200000,-0.07100000,-0.09300000,-0.06600000,-0.07600000
-0.07300000,0.07000000,0.14300001,0.00100000,-0.10800000,0.10600000,0.03100000,-0.08600000,-0.07600000,-0.10000000,-0.06500000,-0.08300000
-0.08800000,0.05400000,0.14200000,0.01700000,-0.11500000,0.09700000,0.02800000,-0.08500000,-0.07500000,-0.10200000,-0.05800000,-0.08500000
-0.09900000,0.05100000,0.15000001,0.02400000,-0.12500000,0.10000000,0.02600000,-0.08600000,-0.07600000,-0.10500000,-0.05500000,-0.08500000
-0.08300000,0.05600000,0.13900000,0.01300000,-0.11100000,0.09700000,0.02200000,-0.08500000,-0.07500000,-0.10700000,-0.07000000,-0.08500000
-0.07800000,0.05900000,0.13699999,0.00900000,-0.10800000,0.09800000,0.02000000,-0.08600000,-0.07500000,-0.11100000,-0.07600000,-0.08500000
-0.07400000,0.05500000,0.12899999,0.00900000,-0.10200000,0.09200000,0.01800000,-0.08500000,-0.07500000,-0.10800000,-0.07400000,-0.08500000
-0.08200000,0.04300000,0.12600000,0.01900000,-0.10400000,0.08400000,0.01300000,-0.08600000,-0.07500000,-0.10300000,-0.07500000,-0.08500000
-0.08500000,0.05900000,0.14399999,0.01300000,-0.11500000,0.10100000,0.00700000,-0.10600000,-0.07500000,-0.10000000,-0.07500000,-0.08500000
-0.07800000,0.09200000,0.17100000,-0.00700000,-0.12500000,0.13100000,0.00400000,-0.11700000,-0.07500000,-0.09700000,-0.07500000,-0.08500000
-0.10700000,0.06200000,0.16900000,0.02200000,-0.13800000,0.11500000,-0.00200000,-0.11400000,-0.07500000,-0.09200000,-0.07000000,-0.08500000
-0.10500000,0.05900000,0.16500001,0.02200000,-0.13600001,0.11200000,-0.00500000,-0.11500000,-0.07500000,-0.09000000,-0.07000000,-0.08500000
-0.08500000,0.07700000,0.16200000,0.00400000,-0.12400000,0.12000000,0.00000000,-0.11500000,-0.08600000,-0.10500000,-0.07000000,-0.08300000
-0.09200000,0.06900000,0.16000000,0.01100000,-0.12600000,0.11400000,0.00500000,-0.11400000,-0.09100000,-0.11100000,-0.07000000,-0.07900000
-0.09000000,0.06500000,0.15500000,0.01200000,-0.12300000,0.11000000,0.00900000,-0.12400000,-0.09100000,-0.10900000,-0.07000000,-0.07700000
-0.10500000,0.06300000,0.16800000,0.02100000,-0.13699999,0.11500000,0.01400000,-0.13699999,-0.09500000,-0.11400000,-0.06700000,-0.07300000
-0.13400000,0.05300000,0.18700001,0.04000000,-0.16100000,0.12000000,0.01900000,-0.13400000,-0.09500000,-0.11500000,-0.06500000,-0.08800000
-0.12100000,0.06300000,0.18400000,0.02800000,-0.15300000,0.12400000,0.02000000,-0.13100000,-0.09000000,-0.11500000,-0.06500000,-0.10000000
-0.08400000,0.10400000,0.18799999,-0.01000000,-0.13600001,0.14600000,0.02000000,-0.12800001,-0.08500000,-0.10900000,-0.06500000,-0.09300000
-0.07100000,0.12000000,0.19100000,-0.02400000,-0.13200000,0.15500000,0.02000000,-0.12500000,-0.08100000,-0.10300000,-0.06500000,-0.08800000
-0.08300000,0.11000000,0.19300000,-0.01400000,-0.13800000,0.15099999,0.02000000,-0.12400000,-0.07700000,-0.09800000,-0.06500000,-0.08300000
-0.07700000,0.12100000,0.19800000,-0.02200000,-0.13800000,0.16000000,0.02000000,-0.11500000,-0.07300000,-0.09100000,-0.05800000,-0.07700000
-0.06600000,0.13300000,0.19900000,-0.03400000,-0.13300000,0.16599999,0.02000000,-0.10600000,-0.06400000,-0.07600000,-0.04700000,-0.06200000
-0.06300000,0.13000000,0.19300000,-0.03400000,-0.12800001,0.16200000,0.01500000,-0.09700000,-0.05600000,-0.06300000,-0.03700000,-0.04900000
-0.02200000,0.16300000,0.18500000,-0.07100000,-0.10400000,0.17399999,0.01200000,-0.09600000,-0.05400000,-0.06300000,-0.03400000,-0.04900000
0.00000000,0.17900001,0.17900001,-0.09000000,-0.09000000,0.17800000,0.00400000,-0.10400000,-0.05600000,-0.06600000,-0.03500000,-0.05000000
-0.00100000,0.16800000,0.17000000,-0.08400000,-0.08600000,0.16900000,-0.01800000,-0.10300000,-0.05300000,-0.07100000,-0.03500000,-0.05400000
-0.00200000,0.16400000,0.16700000,-0.08100000,-0.08500000,0.16500001,-0.03200000,-0.12800001,-0.06300000,-0.06800000,-0.03500000,-0.05400000
-0.02800000,0.14200000,0.16900000,-0.05700000,-0.09900000,0.15500000,-0.02900000,-0.14200000,-0.08200000,-0.08100000,-0.03500000,-0.05800000
-0.04700000,0.12899999,0.17600000,-0.04200000,-0.11200000,0.15200000,-0.02300000,-0.14500000,-0.08700000,-0.10100000,-0.04600000,-0.06900000
-0.08000000,0.12200000,0.20200001,-0.02100000,-0.14100000,0.16100000,-0.02400000,-0.16800000,-0.10800000,-0.11300000,-0.07200000,-0.08900000
-0.10900000,0.11100000,0.22000000,-0.00100000,-0.16500001,0.16500001,-0.01400000,-0.18799999,-0.12600000,-0.13500001,-0.09600000,-0.11100000
-0.10600000,0.10400000,0.20999999,0.00000000,-0.15800001,0.15700001,-0.01900000,-0.20500000,-0.12800001,-0.14600000,-0.10200000,-0.10900000
-0.09600000,0.09400000,0.19000000,0.00100000,-0.14399999,0.14200000,-0.02600000,-0.18400000,-0.12000000,-0.14399999,-0.10100000,-0.11000000
-0.09400000,0.09400000,0.18799999,0.00000000,-0.14100000,0.14100000,-0.03200000,-0.19700000,-0.13200000,-0.14600000,-0.09400000,-0.11000000
-0.12600000,0.08500000,0.21100000,0.02000000,-0.16900000,0.14800000,-0.02100000,-0.16599999,-0.11700000,-0.14399999,-0.09400000,-0.11000000
-0.11400000,0.08400000,0.19800000,0.01500000,-0.15700001,0.14100000,-0.01900000,-0.18600000,-0.13300000,-0.14600000,-0.08700000,-0.11100000
-0.11500000,0.09600000,0.21100000,0.00900000,-0.16300000,0.15300000,-0.01900000,-0.16599999,-0.11700000,-0.14100000,-0.08500000,-0.10800000
-0.16400000,0.07800000,0.24200000,0.04200000,-0.20299999,0.16000000,0.03500000,-0.14500000,-0.10800000,-0.13100000,-0.10200000,-0.12600000
-0.14800000,0.04500000,0.19300000,0.05100000,-0.17100000,0.11800000,0.07600000,-0.02900000,-0.05000000,-0.10800000,-0.09900000,-0.16000000
-0.04500000,0.13000000,0.17500000,-0.04300000,-0.11100000,0.15300000,0.07500000,0.31000000,0.38699999,0.25799999,0.18200000,0.02900000
0.66299999,0.41400000,-0.24900000,-0.53799999,0.45600000,0.08300000,-0.35800001,0.31700000,0.86100000,0.97000003,0.87099999,0.65300000
1.03699994,0.54900002,-0.48899999,-0.79299998,0.76300001,0.03000000,-0.82599998,-0.47499999,0.29899999,0.66500002,0.80400002,0.81300002
0.29200000,0.33300000,0.04100000,-0.31200001,0.12500000,0.18700001,-0.88999999,-2.02699995,-1.38000000,-0.76300001,-0.29699999,0.07100000
-0.08400000,0.08900000,0.17299999,-0.00300000,-0.12899999,0.13100000,-0.79699999,-2.09200001,-1.79299998,-1.22700000,-0.78600001,-0.38900000
-0.06300000,0.08000000,0.14300001,-0.00800000,-0.10400000,0.11100000,-0.43900001,-0.92100000,-0.87500000,-0.68000001,-0.47299999,-0.27100000
-0.07900000,0.15400000,0.23400000,-0.03800000,-0.15700001,0.19400001,-0.16500001,-0.41299999,-0.38400000,-0.31500000,-0.21400000,-0.15200000
-0.04000000,0.15099999,0.19100000,-0.05500000,-0.11600000,0.17100000,-0.08100000,-0.14399999,-0.15099999,-0.16599999,-0.12000000,-0.11000000
-0.04700000,0.15500000,0.20200001,-0.05400000,-0.12500000,0.17800000,-0.02900000,-0.09800000,-0.08700000,-0.11400000,-0.08100000,-0.09200000
-0.02200000,0.16200000,0.18400000,-0.07000000,-0.10300000,0.17299999,-0.02700000,-0.06700000,-0.04800000,-0.08400000,-0.04700000,-0.08300000
-0.07400000,0.14600000,0.22100000,-0.03600000,-0.14800000,0.18300000,-0.00900000,-0.03600000,-0.00400000,-0.06900000,-0.03800000,-0.07200000
-0.03200000,0.16100000,0.19300000,-0.06500000,-0.11300000,0.17700000,-0.00400000,-0.02000000,0.01200000,-0.06100000,-0.02800000,-0.06300000
-0.00200000,0.18000001,0.18200000,-0.08900000,-0.09300000,0.18099999,-0.00900000,0.03200000,0.04900000,-0.04900000,-0.01700000,-0.05500000
-0.04600000,0.17100000,0.21699999,-0.06300000,-0.13200000,0.19400001,-0.01800000,0.03000000,0.04700000,-0.03500000,-0.01000000,-0.04900000
-0.01600000,0.17800000,0.19300000,-0.08200000,-0.10500000,0.18600000,-0.01500000,0.05100000,0.06000000,-0.00600000,0.00000000,-0.04200000
-0.01700000,0.17200001,0.19000000,-0.07800000,-0.10400000,0.18099999,-0.01100000,0.06700000,0.07000000,0.01000000,0.00900000,-0.03600000
-0.01600000,0.17700000,0.19300000,-0.08100000,-0.10500000,0.18500000,-0.01000000,0.09700000,0.09900000,0.02300000,0.02300000,-0.02800000
0.02100000,0.21799999,0.19700000,-0.11900000,-0.08800000,0.20700000,-0.00500000,0.13100000,0.13000000,0.04200000,0.03700000,-0.01800000
0.05800000,0.24500000,0.18700001,-0.15200000,-0.06500000,0.21500000,-0.00500000,0.17299999,0.15600000,0.05500000,0.04700000,-0.01200000
0.06200000,0.24200000,0.18000001,-0.15200000,-0.06000000,0.21100000,-0.02100000,0.22300000,0.18900000,0.07500000,0.06100000,0.00300000
0.06100000,0.23500000,0.17399999,-0.14800000,-0.05700000,0.20500000,-0.02600000,0.30500001,0.24699999,0.11600000,0.09700000,0.02400000
0.12300000,0.28500000,0.16200000,-0.20500000,-0.02000000,0.22400001,-0.01800000,0.38400000,0.30599999,0.15500000,0.12800001,0.04700000
0.14300001,0.31299999,0.17100000,-0.22800000,-0.01400000,0.24200000,-0.01400000,0.47700000,0.37200001,0.20400000,0.16900000,0.07600000
0.16500001,0.34200001,0.17700000,-0.25400001,-0.00600000,0.25900000,-0.00700000,0.56999999,0.45400000,0.27599999,0.22600000,0.11500000
0.23000000,0.37500000,0.14500000,-0.30300000,0.04200000,0.25999999,-0.00200000,0.65799999,0.53399998,0.33399999,0.27399999,0.16300000
0.25000000,0.36300001,0.11300000,-0.30599999,0.06800000,0.23800001,-0.00200000,0.70899999,0.58899999,0.38600001,0.32400000,0.19400001
0.24200000,0.38200000,0.14100000,-0.31200001,0.05000000,0.26100001,-0.00800000,0.70099998,0.60500002,0.40200001,0.33899999,0.21500000
0.24800000,0.42300001,0.17500000,-0.33600000,0.03600000,0.29899999,-0.01500000,0.64700001,0.57800001,0.38999999,0.33100000,0.20800000
0.22499999,0.40700001,0.18200000,-0.31700000,0.02100000,0.29400000,-0.01800000,0.51099998,0.50900000,0.36700001,0.31200001,0.18799999
0.15099999,0.34999999,0.19900000,-0.25099999,-0.02500000,0.27399999,-0.03400000,0.33100000,0.37900001,0.27700001,0.24200000,0.14800000
0.08500000,0.33600000,0.25099999,-0.21100000,-0.08300000,0.29300001,-0.04500000,0.13500001,0.19599999,0.15000001,0.15099999,0.06300000
0.01000000,0.28900000,0.27900001,-0.15000001,-0.13500001,0.28400001,-0.03700000,0.01200000,0.08100000,0.04900000,0.07700000,0.01100000
-0.01400000,0.24300000,0.25700000,-0.11500000,-0.13600001,0.25000000,-0.03100000,-0.05300000,0.01600000,-0.01100000,0.01900000,-0.02200000
-0.02300000,0.24300000,0.26600000,-0.11100000,-0.14399999,0.25400001,-0.02400000,-0.11900000,-0.04700000,-0.06300000,-0.03300000,-0.06600000
-0.04800000,0.22900000,0.27599999,-0.09100000,-0.16200000,0.25200000,-0.01700000,-0.14900000,-0.08200000,-0.09400000,-0.05700000,-0.08700000
-0.04600000,0.22200000,0.26800001,-0.08800000,-0.15700001,0.24400000,-0.01500000,-0.16100000,-0.09900000,-0.09600000,-0.06300000,-0.09800000
-0.04700000,0.21699999,0.26400000,-0.08500000,-0.15600000,0.23999999,-0.01500000,-0.16200000,-0.10300000,-0.10900000,-0.07600000,-0.10400000
-0.04200000,0.21900000,0.26199999,-0.08900000,-0.15200000,0.23999999,-0.01500000,-0.17200001,-0.10900000,-0.11500000,-0.08000000,-0.10100000
-0.03000000,0.22100000,0.25099999,-0.09600000,-0.14100000,0.23500000,-0.01500000,-0.17800000,-0.11000000,-0.11500000,-0.08000000,-0.10000000
-0.04700000,0.21900000,0.26600000,-0.08700000,-0.15600000,0.24200000,-0.01500000,-0.18099999,-0.11000000,-0.11900000,-0.08100000,-0.09900000
-0.06700000,0.22000000,0.28700000,-0.07700000,-0.17700000,0.25299999,-0.01500000,-0.18500000,-0.11500000,-0.12000000,-0.07900000,-0.10100000
-0.05800000,0.22000000,0.27800000,-0.08200000,-0.16800000,0.24800000,-0.02200000,-0.18000001,-0.11500000,-0.12200000,-0.08400000,-0.09800000
-0.07900000,0.21500000,0.29499999,-0.06800000,-0.18700001,0.25500000,-0.02600000,-0.17700000,-0.11600000,-0.12600000,-0.09400000,-0.10500000
-0.09300000,0.20999999,0.30300000,-0.05900000,-0.19800000,0.25700000,-0.02400000,-0.17299999,-0.12000000,-0.12899999,-0.09600000,-0.12000000
-0.09300000,0.20400000,0.29699999,-0.05500000,-0.19499999,0.25000000,-0.02600000,-0.17000000,-0.12000000,-0.13200000,-0.09300000,-0.12000000
-0.09600000,0.20100001,0.29699999,-0.05300000,-0.19700000,0.24900000,-0.02400000,-0.16500001,-0.12000000,-0.13500001,-0.10100000,-0.12000000
-0.10200000,0.19100000,0.29300001,-0.04500000,-0.19800000,0.24200000,-0.02600000,-0.16900000,-0.12000000,-0.13800000,-0.11100000,-0.12000000
-0.10300000,0.19400001,0.29699999,-0.04600000,-0.20000000,0.24500000,-0.02200000,-0.17200001,-0.12000000,-0.14000000,-0.10700000,-0.12000000
-0.08900000,0.22200000,0.31099999,-0.06600000,-0.20000000,0.26600000,-0.01300000,-0.17200001,-0.12400000,-0.14200000,-0.10400000,-0.11800000
-0.11100000,0.20000000,0.31099999,-0.04500000,-0.21100000,0.25500000,-0.02800000,-0.17800000,-0.12500000,-0.14500000,-0.10000000,-0.11500000
-0.12500000,0.17399999,0.29899999,-0.02500000,-0.21200000,0.23700000,-0.03700000,-0.19200000,-0.12600000,-0.14800000,-0.09600000,-0.11400000
-0.10700000,0.18799999,0.29499999,-0.04100000,-0.20100001,0.24100000,-0.03300000,-0.20700000,-0.13300000,-0.15099999,-0.09300000,-0.11000000
-0.07000000,0.21200000,0.28200001,-0.07100000,-0.17600000,0.24600001,-0.03600000,-0.20999999,-0.13900000,-0.15500000,-0.08900000,-0.11000000
-0.08000000,0.21200000,0.29100001,-0.06600000,-0.18600000,0.25200000,-0.03400000,-0.20600000,-0.14000000,-0.15500000,-0.10200000,-0.12400000
-0.12000000,0.20299999,0.32300001,-0.04200000,-0.22200000,0.26300001,-0.03600000,-0.20600000,-0.14000000,-0.15000001,-0.11100000,-0.13699999
-0.12500000,0.20100001,0.32499999,-0.03800000,-0.22499999,0.26199999,-0.04000000,-0.21500000,-0.14000000,-0.15000001,-0.10900000,-0.13300000
-0.12200000,0.19200000,0.31299999,-0.03500000,-0.21799999,0.25200000,-0.04100000,-0.21400000,-0.14000000,-0.15000001,-0.11000000,-0.13000000
-0.11600000,0.19400001,0.30899999,-0.03900000,-0.21300000,0.25099999,-0.03900000,-0.21799999,-0.14000000,-0.15000001,-0.11000000,-0.12800001
-0.10100000,0.19300000,0.29400000,-0.04600000,-0.19800000,0.24300000,-0.03700000,-0.23300000,-0.14100000,-0.15000001,-0.11000000,-0.12300000
-0.09900000,0.21100000,0.31000000,-0.05600000,-0.20500000,0.25999999,-0.03400000,-0.24100000,-0.15000001,-0.15000001,-0.11400000,-0.13100000
-0.11000000,0.23300000,0.34299999,-0.06200000,-0.22600000,0.28700000,-0.03800000,-0.24400000,-0.15099999,-0.15000001,-0.11500000,-0.13600001
-0.09200000,0.22900000,0.32100001,-0.06900000,-0.20700000,0.27500001,-0.05400000,-0.23800001,-0.14399999,-0.15000001,-0.11500000,-0.13100000
-0.07500000,0.22900000,0.30399999,-0.07800000,-0.18900000,0.26699999,-0.05500000,-0.23400000,-0.14000000,-0.15000001,-0.11500000,-0.12899999
-0.05300000,0.23199999,0.28400001,-0.09000000,-0.16900000,0.25799999,-0.05000000,-0.23000000,-0.13400000,-0.15000001,-0.11500000,-0.12400000
-0.06200000,0.22600000,0.28900000,-0.08200000,-0.17600000,0.25700000,-0.04900000,-0.22600000,-0.12899999,-0.15000001,-0.11400000,-0.12100000
-0.07900000,0.24300000,0.32200000,-0.08200000,-0.20100001,0.28200001,-0.04400000,-0.21799999,-0.12400000,-0.13300000,-0.10100000,-0.11600000
-0.05800000,0.25600001,0.31400001,-0.09900000,-0.18700001,0.28500000,-0.04600000,-0.19900000,-0.11600000,-0.10800000,-0.08600000,-0.10200000
-0.04700000,0.26300001,0.31000000,-0.10800000,-0.17900001,0.28700000,-0.05000000,-0.18200000,-0.09700000,-0.10100000,-0.08000000,-0.08800000
-0.00200000,0.30399999,0.30599999,-0.15099999,-0.15400000,0.30500001,-0.04900000,-0.17200001,-0.06800000,-0.09400000,-0.08000000,-0.08000000
0.01100000,0.31200001,0.30100000,-0.16200000,-0.14600000,0.30599999,-0.05600000,-0.18000001,-0.05500000,-0.09500000,-0.08000000,-0.08000000
-0.00200000,0.29100001,0.29300001,-0.14399999,-0.14800000,0.29200000,-0.07500000,-0.18099999,-0.06900000,-0.09200000,-0.08000000,-0.07700000
0.00100000,0.25700000,0.25600001,-0.12899999,-0.12800001,0.25700000,-0.08200000,-0.18700001,-0.08900000,-0.08700000,-0.08000000,-0.07200000
-0.01900000,0.22200000,0.24100000,-0.10200000,-0.13000000,0.23100001,-0.06800000,-0.19400001,-0.10400000,-0.10300000,-0.08000000,-0.08600000
-0.03800000,0.24600001,0.28400001,-0.10400000,-0.16100000,0.26499999,-0.05700000,-0.20400000,-0.12100000,-0.11500000,-0.09100000,-0.10500000
-0.08200000,0.25099999,0.33300000,-0.08400000,-0.20800000,0.29200000,-0.05600000,-0.23300000,-0.14700000,-0.14200000,-0.10800000,-0.12700000
-0.11300000,0.22600000,0.33899999,-0.05700000,-0.22600000,0.28200001,-0.04900000,-0.24100000,-0.16599999,-0.16200000,-0.12300000,-0.13699999
-0.10600000,0.20800000,0.31299999,-0.05100000,-0.20999999,0.25999999,-0.05200000,-0.24400000,-0.17800000,-0.16400000,-0.13900000,-0.13500001
-0.12500000,0.19000000,0.31500000,-0.03300000,-0.22000000,0.25299999,-0.04300000,-0.23300000,-0.17100000,-0.17000000,-0.14200000,-0.14100000
-0.11900000,0.19599999,0.31500000,-0.03900000,-0.21699999,0.25500000,-0.04700000,-0.25000000,-0.18000001,-0.17000000,-0.13800000,-0.13900000
-0.12400000,0.19499999,0.31900001,-0.03600000,-0.22200000,0.25700000,-0.05500000,-0.22800000,-0.16200000,-0.16900000,-0.14300001,-0.14600000
-0.13900000,0.18700001,0.32699999,-0.02400000,-0.23300000,0.25700000,-0.06100000,-0.25200000,-0.17800000,-0.17100000,-0.13699999,-0.15200000
-0.13900000,0.17900001,0.31700000,-0.02100000,-0.22800000,0.24800000,-0.05600000,-0.22800000,-0.15899999,-0.17000000,-0.14500000,-0.15700001
-0.14800000,0.17500000,0.32300001,-0.01400000,-0.23600000,0.24900000,-0.02100000,-0.21200000,-0.14000000,-0.16599999,-0.14800000,-0.16800000
-0.12500000,0.16000000,0.28500000,-0.01700000,-0.20500000,0.22200000,0.02200000,-0.09700000,-0.09500000,-0.13900000,-0.13100000,-0.18099999
-0.03100000,0.24200000,0.27300000,-0.10600000,-0.15200000,0.25799999,0.03400000,0.24900000,0.34099999,0.22800000,0.14900000,0.00600000
0.66600001,0.50400001,-0.16200000,-0.58499998,0.41400000,0.17100000,-0.40000001,0.25900000,0.80299997,0.90799999,0.81500000,0.60299999
1.07299995,0.67799997,-0.39500001,-0.87500000,0.73299998,0.14100000,-0.88499999,-0.55900002,0.21600001,0.58200002,0.72200000,0.74400002
0.32200000,0.47200000,0.14900000,-0.39700001,0.08600000,0.31000000,-0.95200002,-2.12299991,-1.42400002,-0.80000001,-0.33899999,0.02400000
-0.11300000,0.15500000,0.26800001,-0.02100000,-0.19100000,0.21200000,-0.83300000,-2.19099998,-1.81299996,-1.23199999,-0.79799998,-0.41100001
-0.07200000,0.15099999,0.22300000,-0.04000000,-0.14800000,0.18700001,-0.48800001,-1.00000000,-0.90300000,-0.69400001,-0.49000001,-0.29300001
-0.07000000,0.23500000,0.30500001,-0.08300000,-0.18799999,0.27000001,-0.22100000,-0.47999999,-0.42100000,-0.33700001,-0.23400000,-0.18099999
-0.00800000,0.25299999,0.26100001,-0.12300000,-0.13500001,0.25700000,-0.12800001,-0.20999999,-0.19300000,-0.19499999,-0.14700000,-0.14000000
-0.05600000,0.26699999,0.32400000,-0.10600000,-0.19000000,0.29499999,-0.07700000,-0.16000000,-0.11600000,-0.14700000,-0.10900000,-0.11800000
-0.06300000,0.25700000,0.31900001,-0.09700000,-0.19100000,0.28799999,-0.07000000,-0.12700000,-0.08800000,-0.10700000,-0.08800000,-0.10900000
-0.04800000,0.26100001,0.30899999,-0.10700000,-0.17800000,0.28500000,-0.04900000,-0.07200000,-0.05700000,-0.07800000,-0.07800000,-0.10100000
-0.07100000,0.24900000,0.31900001,-0.08900000,-0.19599999,0.28400001,-0.05200000,-0.07400000,-0.03500000,-0.06900000,-0.06500000,-0.09300000
-0.05700000,0.26300001,0.31999999,-0.10300000,-0.18900000,0.29100001,-0.04900000,-0.04700000,-0.00100000,-0.05600000,-0.05500000,-0.08500000
-0.04700000,0.29300001,0.34000000,-0.12300000,-0.19400001,0.31600001,-0.05000000,-0.04400000,-0.01400000,-0.04700000,-0.04800000,-0.07900000
-0.04500000,0.29400000,0.33800000,-0.12400000,-0.19200000,0.31600001,-0.05100000,0.00400000,0.00300000,-0.03200000,-0.03800000,-0.07400000
-0.03300000,0.30399999,0.33600000,-0.13600001,-0.18500000,0.31999999,-0.04800000,0.01900000,0.00900000,-0.02200000,-0.03200000,-0.06700000
-0.00500000,0.32699999,0.33199999,-0.16100000,-0.16900000,0.33000001,-0.06000000,0.04100000,0.03700000,-0.00500000,-0.02300000,-0.06300000
0.01900000,0.34000000,0.32100001,-0.18000001,-0.15099999,0.33000001,-0.06500000,0.07900000,0.05200000,0.00500000,-0.00900000,-0.05600000
0.03500000,0.34099999,0.30500001,-0.18799999,-0.13500001,0.32300001,-0.05800000,0.12000000,0.07800000,0.03500000,0.01300000,-0.03900000
0.04400000,0.33899999,0.29499999,-0.19200000,-0.12600000,0.31700000,-0.05500000,0.17900001,0.12800001,0.06700000,0.04200000,-0.01700000
0.05600000,0.34000000,0.28400001,-0.19800000,-0.11400000,0.31200001,-0.05000000,0.25500000,0.17100000,0.08900000,0.05900000,0.00200000
0.08500000,0.36000001,0.27500001,-0.22300000,-0.09500000,0.31700000,-0.04500000,0.34099999,0.23000000,0.13300000,0.08900000,0.02400000
0.11000000,0.37400001,0.26400000,-0.24200000,-0.07700000,0.31900001,-0.04500000,0.43599999,0.29600000,0.18300000,0.13500001,0.05700000
0.16000000,0.39800000,0.23899999,-0.27900001,-0.04000000,0.31799999,-0.04500000,0.53700000,0.37599999,0.24500000,0.18900000,0.10000000
0.18700001,0.42699999,0.23999999,-0.30700001,-0.02700000,0.33300000,-0.04500000,0.62400001,0.45199999,0.31000000,0.24300000,0.13900000
0.19700000,0.44299999,0.24600001,-0.32100001,-0.02400000,0.34400001,-0.04500000,0.67900002,0.51099998,0.36300001,0.28299999,0.16800000
0.22499999,0.47000000,0.24500000,-0.34799999,-0.01100000,0.35699999,-0.04400000,0.67699999,0.53600001,0.38999999,0.30700001,0.18600000
0.23300000,0.47600001,0.24300000,-0.35499999,-0.00500000,0.35900000,-0.05800000,0.62300003,0.51700002,0.38400000,0.30100000,0.18799999
0.21900000,0.46900001,0.25000000,-0.34500000,-0.01600000,0.36000001,-0.07200000,0.49500000,0.44400001,0.34999999,0.28799999,0.18000001
0.16900000,0.44600001,0.27700001,-0.30800000,-0.05400000,0.36100000,-0.06900000,0.31500000,0.31099999,0.26800001,0.22900000,0.13800000
0.10000000,0.39500001,0.29499999,-0.24800000,-0.09700000,0.34500000,-0.07000000,0.13600001,0.15800001,0.14900000,0.13100000,0.05700000
0.02500000,0.36500001,0.34099999,-0.19499999,-0.15800001,0.35299999,-0.07500000,-0.01500000,0.02100000,0.04300000,0.05400000,-0.01700000
-0.02500000,0.33399999,0.35900000,-0.15500000,-0.19200000,0.34599999,-0.07500000,-0.09700000,-0.06600000,-0.02800000,-0.01100000,-0.06100000
-0.04900000,0.30100000,0.34900001,-0.12600000,-0.19900000,0.32499999,-0.07500000,-0.14900000,-0.12300000,-0.07100000,-0.05500000,-0.08800000
-0.04700000,0.29899999,0.34599999,-0.12600000,-0.19599999,0.32200000,-0.07100000,-0.17600000,-0.15500000,-0.09300000,-0.07400000,-0.10100000
-0.03300000,0.30100000,0.33399999,-0.13400000,-0.18400000,0.31700000,-0.07000000,-0.18600000,-0.17100000,-0.10500000,-0.08500000,-0.11000000
-0.05700000,0.30399999,0.36000001,-0.12400000,-0.20900001,0.33199999,-0.07000000,-0.20999999,-0.19300000,-0.11500000,-0.08800000,-0.12100000
-0.07300000,0.30599999,0.37900001,-0.11700000,-0.22600000,0.34200001,-0.06500000,-0.21600001,-0.20299999,-0.12500000,-0.08400000,-0.12200000
-0.06800000,0.30000001,0.36899999,-0.11600000,-0.21900000,0.33500001,-0.06500000,-0.21799999,-0.20400000,-0.13000000,-0.08600000,-0.12500000
-0.07100000,0.29600000,0.36800000,-0.11300000,-0.22000000,0.33199999,-0.06500000,-0.22000000,-0.20500000,-0.13000000,-0.10500000,-0.12899999
-0.06800000,0.29100001,0.35900000,-0.11100000,-0.21400000,0.32499999,-0.06500000,-0.21500000,-0.20800000,-0.13000000,-0.11200000,-0.13000000
-0.07200000,0.28700000,0.35900000,-0.10800000,-0.21600001,0.32300001,-0.06500000,-0.21500000,-0.21600001,-0.13400000,-0.10900000,-0.12700000
-0.06700000,0.28299999,0.34999999,-0.10800000,-0.20900001,0.31700000,-0.06300000,-0.21600001,-0.21500000,-0.13900000,-0.10700000,-0.12200000
-0.07900000,0.27599999,0.35600001,-0.09800000,-0.21799999,0.31600001,-0.05900000,-0.21400000,-0.21400000,-0.14200000,-0.10400000,-0.11900000
-0.10400000,0.27300000,0.37700000,-0.08500000,-0.24100000,0.32499999,-0.06000000,-0.21699999,-0.21699999,-0.14700000,-0.10600000,-0.11700000
-0.10200000,0.25299999,0.35600001,-0.07600000,-0.22900000,0.30399999,-0.07600000,-0.20900001,-0.20900001,-0.15000001,-0.09800000,-0.10900000
-0.09200000,0.28299999,0.37400001,-0.09600000,-0.23300000,0.32800001,-0.08100000,-0.21400000,-0.21900000,-0.15000001,-0.10700000,-0.11700000
-0.08100000,0.30700001,0.38800001,-0.11300000,-0.23500000,0.34700000,-0.07600000,-0.24100000,-0.23500000,-0.14900000,-0.13100000,-0.14000000
-0.11500000,0.25799999,0.37300000,-0.07200000,-0.24400000,0.31500000,-0.07500000,-0.23999999,-0.24100000,-0.15800001,-0.13000000,-0.14200000
-0.11300000,0.27500001,0.38800001,-0.08200000,-0.25099999,0.33199999,-0.07000000,-0.24100000,-0.25099999,-0.16599999,-0.13100000,-0.14500000
-0.07900000,0.30399999,0.38299999,-0.11300000,-0.23100001,0.34299999,-0.07100000,-0.24600001,-0.25000000,-0.16700000,-0.13500001,-0.14900000
-0.09000000,0.29300001,0.38200000,-0.10200000,-0.23600000,0.33700001,-0.07400000,-0.24400000,-0.25400001,-0.17000000,-0.13500001,-0.15000001
-0.08800000,0.28099999,0.36800000,-0.09700000,-0.22800000,0.32400000,-0.07900000,-0.24800000,-0.25500000,-0.17399999,-0.13500001,-0.15500000
-0.10100000,0.27500001,0.37599999,-0.08700000,-0.23899999,0.32499999,-0.07900000,-0.25000000,-0.25799999,-0.17500000,-0.13500001,-0.15500000
-0.14900000,0.26199999,0.41100001,-0.05600000,-0.28000000,0.33600000,-0.08400000,-0.25000000,-0.26699999,-0.17900001,-0.13500001,-0.15500000
-0.14900000,0.25999999,0.41000000,-0.05500000,-0.28000000,0.33500001,-0.09600000,-0.25299999,-0.26899999,-0.18000001,-0.13500001,-0.15500000
-0.11800000,0.28799999,0.40700001,-0.08500000,-0.26300001,0.34700000,-0.09300000,-0.25500000,-0.27000001,-0.18000001,-0.13500001,-0.15500000
-0.12300000,0.26400000,0.38699999,-0.07100000,-0.25600001,0.32600001,-0.09000000,-0.25500000,-0.26899999,-0.18500000,-0.13500001,-0.15500000
-0.11200000,0.27399999,0.38600001,-0.08200000,-0.24900000,0.33000001,-0.08800000,-0.25999999,-0.27000001,-0.18500000,-0.13000000,-0.15500000
-0.10300000,0.28999999,0.39300001,-0.09400000,-0.24900000,0.34200001,-0.08400000,-0.25700000,-0.27100000,-0.18400000,-0.12600000,-0.15200000
-0.09100000,0.28000000,0.37099999,-0.09500000,-0.23199999,0.32499999,-0.08500000,-0.24800000,-0.26400000,-0.17800000,-0.12300000,-0.14600000
-0.10500000,0.28200001,0.38699999,-0.08900000,-0.24600001,0.33500001,-0.08500000,-0.23999999,-0.25700000,-0.17700000,-0.11900000,-0.14100000
-0.13200000,0.27800000,0.41000000,-0.07300000,-0.27100000,0.34400001,-0.08500000,-0.23100001,-0.25099999,-0.16200000,-0.11600000,-0.13500001
-0.09200000,0.31400001,0.40599999,-0.11100000,-0.24900000,0.35900000,-0.08500000,-0.22300000,-0.24400000,-0.12800001,-0.11100000,-0.13100000
-0.06400000,0.33700001,0.40099999,-0.13600001,-0.23300000,0.36899999,-0.08400000,-0.21500000,-0.23700000,-0.11700000,-0.09700000,-0.12600000
-0.04700000,0.34999999,0.39600000,-0.15200000,-0.22200000,0.37300000,-0.08500000,-0.20600000,-0.23400000,-0.11000000,-0.08300000,-0.12700000
-0.03300000,0.35699999,0.38900000,-0.16200000,-0.21100000,0.37300000,-0.09100000,-0.19800000,-0.23500000,-0.11000000,-0.08500000,-0.13100000
-0.02400000,0.34099999,0.36500001,-0.15899999,-0.19499999,0.35299999,-0.11100000,-0.18700001,-0.23500000,-0.10800000,-0.08700000,-0.12899999
-0.01700000,0.33700001,0.35400000,-0.16000000,-0.18600000,0.34500000,-0.12400000,-0.21200000,-0.23400000,-0.11600000,-0.09400000,-0.13100000
-0.01800000,0.32400000,0.34200001,-0.15300000,-0.18000001,0.33300000,-0.12100000,-0.24300000,-0.24600001,-0.13600001,-0.09700000,-0.12899999
-0.02500000,0.32100001,0.34599999,-0.14800000,-0.18600000,0.33300000,-0.11400000,-0.23600000,-0.26100001,-0.14399999,-0.10800000,-0.13100000
-0.08700000,0.30700001,0.39399999,-0.11000000,-0.24100000,0.34999999,-0.11100000,-0.25099999,-0.28299999,-0.16100000,-0.14000000,-0.14399999
-0.13900000,0.27200001,0.41000000,-0.06700000,-0.27500001,0.34099999,-0.10200000,-0.25099999,-0.29100001,-0.17299999,-0.14700000,-0.15600000
-0.12100000,0.27900001,0.40000001,-0.07900000,-0.26100001,0.33899999,-0.10000000,-0.26199999,-0.29699999,-0.18200000,-0.14399999,-0.15899999
-0.12100000,0.28799999,0.40900001,-0.08400000,-0.26499999,0.34900001,-0.09400000,-0.26400000,-0.29800001,-0.18500000,-0.15899999,-0.16599999
-0.12000000,0.28099999,0.40099999,-0.08100000,-0.26100001,0.34099999,-0.09400000,-0.26699999,-0.30000001,-0.18600000,-0.16500001,-0.16900000
-0.11700000,0.29400000,0.41100001,-0.08900000,-0.26400000,0.35200000,-0.09600000,-0.25099999,-0.29100001,-0.18600000,-0.17100000,-0.17299999
-0.12200000,0.28600001,0.40900001,-0.08200000,-0.26600000,0.34700000,-0.08400000,-0.24400000,-0.28700000,-0.18200000,-0.17600000,-0.17900001
-0.08800000,0.26499999,0.35299999,-0.08900000,-0.22100000,0.30899999,-0.09900000,-0.25299999,-0.28900000,-0.17299999,-0.17299999,-0.17800000
-0.15500000,0.28400001,0.43900001,-0.06500000,-0.29699999,0.36199999,-0.06800000,-0.21900000,-0.26800001,-0.16700000,-0.17700000,-0.19100000
-0.15800001,0.23400000,0.39199999,-0.03800000,-0.27500001,0.31299999,-0.03500000,-0.17600000,-0.26400000,-0.16599999,-0.16300000,-0.19499999
-0.12100000,0.22200000,0.34299999,-0.05100000,-0.23199999,0.28299999,0.01400000,0.09900000,0.00200000,0.01400000,-0.04000000,-0.13100000
0.35800001,0.49100000,0.13300000,-0.42399999,0.11200000,0.31200001,-0.25000000,0.31000000,0.56999999,0.69599998,0.57800001,0.37200001
1.04299998,0.73699999,-0.30599999,-0.88900000,0.67400002,0.21500000,-0.77700001,-0.06800000,0.51300001,0.91000003,0.93500000,0.83800000
0.51499999,0.64600003,0.13100000,-0.58099997,0.19200000,0.38800001,-0.91100001,-1.53600001,-0.97500002,-0.33500001,0.02300000,0.28999999
-0.12100000,0.36700001,0.48800001,-0.12300000,-0.30500001,0.42699999,-0.84500003,-2.29900002,-1.97500002,-1.22200000,-0.75900000,-0.36100000
-0.08200000,0.24200000,0.32400000,-0.08000000,-0.20299999,0.28299999,-0.61500001,-1.30599999,-1.32599998,-0.88000000,-0.61799997,-0.36700001
-0.11100000,0.28600001,0.39700001,-0.08700000,-0.25400001,0.34099999,-0.31700000,-0.60000002,-0.70099998,-0.47000000,-0.35299999,-0.25099999
-0.07200000,0.31500000,0.38699999,-0.12200000,-0.23000000,0.35100001,-0.18799999,-0.30199999,-0.42100000,-0.24900000,-0.20400000,-0.18200000
-0.05500000,0.33300000,0.38800001,-0.13900000,-0.22200000,0.36100000,-0.11600000,-0.15700001,-0.28500000,-0.17200001,-0.15700001,-0.15899999
-0.06000000,0.32800001,0.38800001,-0.13400000,-0.22400001,0.35800001,-0.11500000,-0.15099999,-0.25600001,-0.13699999,-0.12500000,-0.14800000
-0.05100000,0.33100000,0.38100001,-0.14100000,-0.21600001,0.35499999,-0.11000000,-0.09900000,-0.20200001,-0.11100000,-0.10500000,-0.13300000
-0.05800000,0.32900000,0.38600001,-0.13600001,-0.22200000,0.35699999,-0.10600000,-0.10000000,-0.19499999,-0.10700000,-0.10000000,-0.12800001
-0.05300000,0.33800000,0.39199999,-0.14300001,-0.22300000,0.36500001,-0.10400000,-0.06300000,-0.17200001,-0.08900000,-0.08500000,-0.11700000
-0.04400000,0.36700001,0.41000000,-0.16200000,-0.22700000,0.38800001,-0.09800000,-0.06400000,-0.17000000,-0.08600000,-0.07900000,-0.10800000
-0.03500000,0.35800001,0.39300001,-0.16200000,-0.21400000,0.37500000,-0.09700000,-0.01900000,-0.14700000,-0.06600000,-0.07000000,-0.09500000
-0.01300000,0.35499999,0.36800000,-0.17100000,-0.19100000,0.36100000,-0.09000000,0.00300000,-0.12700000,-0.05300000,-0.06600000,-0.08500000
-0.02200000,0.34799999,0.36899999,-0.16300000,-0.19599999,0.35800001,-0.08900000,0.02200000,-0.11400000,-0.04700000,-0.06100000,-0.07500000
-0.05000000,0.34500000,0.39500001,-0.14700000,-0.22300000,0.37000000,-0.08400000,0.06700000,-0.08700000,-0.02100000,-0.03800000,-0.06400000
0.00500000,0.35699999,0.35200000,-0.18099999,-0.17399999,0.35400000,-0.08000000,0.09900000,-0.05400000,0.01800000,-0.00700000,-0.05200000
0.00600000,0.35299999,0.34700000,-0.18000001,-0.17100000,0.34999999,-0.08200000,0.14200000,-0.02000000,0.03600000,0.00100000,-0.04100000
0.03100000,0.38299999,0.35200000,-0.20700000,-0.16100000,0.36700001,-0.08500000,0.20400000,0.02100000,0.06000000,0.03000000,-0.02300000
0.05800000,0.39399999,0.33500001,-0.22600000,-0.13900000,0.36399999,-0.08500000,0.28099999,0.07400000,0.10800000,0.06600000,0.00800000
0.06000000,0.39500001,0.33399999,-0.22800000,-0.13699999,0.36399999,-0.08500000,0.37099999,0.14000000,0.15700001,0.10200000,0.04400000
0.10300000,0.43300000,0.33000001,-0.26800001,-0.11400000,0.38100001,-0.08500000,0.45600000,0.21699999,0.21699999,0.15200000,0.07800000
0.13200000,0.47200000,0.34000000,-0.30300000,-0.10400000,0.40599999,-0.08400000,0.53100002,0.28700000,0.27599999,0.20100001,0.10800000
0.15700001,0.49599999,0.33899999,-0.32699999,-0.09100000,0.41700000,-0.08100000,0.60100001,0.36300001,0.33300000,0.25200000,0.14900000
0.15700001,0.49800000,0.34099999,-0.32800001,-0.09200000,0.41900000,-0.07800000,0.62000000,0.40000001,0.37900001,0.28900000,0.18200000
0.19400001,0.53200001,0.33899999,-0.36300001,-0.07200000,0.43500000,-0.07600000,0.57599998,0.38499999,0.37799999,0.29499999,0.17700000
0.19100000,0.53299999,0.34099999,-0.36199999,-0.07500000,0.43700001,-0.07200000,0.47600001,0.34299999,0.35600001,0.27399999,0.16500001
0.14800000,0.49100000,0.34299999,-0.31900001,-0.09800000,0.41700000,-0.07000000,0.32300001,0.23600000,0.28700000,0.22200000,0.13500001
0.08400000,0.45699999,0.37300000,-0.27000001,-0.14500000,0.41400000,-0.06700000,0.15899999,0.09200000,0.16300000,0.12700000,0.06700000
0.00500000,0.41800001,0.41299999,-0.21200000,-0.20500000,0.41499999,-0.06500000,0.02100000,-0.04400000,0.06100000,0.04400000,-0.00200000
-0.03000000,0.39100000,0.42100000,-0.18099999,-0.22600000,0.40599999,-0.06500000,-0.07800000,-0.14500000,-0.02300000,-0.02600000,-0.06300000
-0.07700000,0.36199999,0.43900001,-0.14300001,-0.25799999,0.40000001,-0.06500000,-0.14200000,-0.21200000,-0.08000000,-0.07900000,-0.10000000
-0.09500000,0.34900001,0.44400001,-0.12800001,-0.26899999,0.39600000,-0.06500000,-0.17700000,-0.25099999,-0.11200000,-0.10400000,-0.11500000
-0.10000000,0.34700000,0.44600001,-0.12400000,-0.27399999,0.39600000,-0.06500000,-0.19200000,-0.26499999,-0.12800001,-0.12000000,-0.12899999
-0.10800000,0.34299999,0.45100001,-0.11800000,-0.28000000,0.39700001,-0.06000000,-0.19499999,-0.27500001,-0.13000000,-0.11800000,-0.13600001
-0.11300000,0.33899999,0.45300001,-0.11300000,-0.28299999,0.39600000,-0.06100000,-0.20400000,-0.28700000,-0.14200000,-0.12700000,-0.14000000
-0.12000000,0.33500001,0.45500001,-0.10800000,-0.28799999,0.39500001,-0.08000000,-0.21600001,-0.30700001,-0.15000001,-0.14100000,-0.14399999
-0.11700000,0.33300000,0.44999999,-0.10800000,-0.28400001,0.39100000,-0.08500000,-0.20999999,-0.31099999,-0.15000001,-0.14399999,-0.14500000
-0.12400000,0.32499999,0.44800001,-0.10100000,-0.28600001,0.38600001,-0.07900000,-0.20500000,-0.30899999,-0.15000001,-0.14900000,-0.14600000
-0.10300000,0.34299999,0.44499999,-0.12100000,-0.27399999,0.39399999,-0.07700000,-0.20200001,-0.30700001,-0.15000001,-0.14700000,-0.14399999
-0.08900000,0.35200000,0.44200000,-0.13200000,-0.26600000,0.39700001,-0.07200000,-0.19499999,-0.30399999,-0.14900000,-0.14500000,-0.14900000
-0.09500000,0.34400001,0.44000000,-0.12500000,-0.26800001,0.39199999,-0.06900000,-0.20100001,-0.30599999,-0.15600000,-0.14500000,-0.15600000
-0.09600000,0.34500000,0.44100001,-0.12500000,-0.26899999,0.39300001,-0.07100000,-0.21200000,-0.30500001,-0.16599999,-0.14200000,-0.15500000
-0.11100000,0.33899999,0.44999999,-0.11400000,-0.28000000,0.39399999,-0.06900000,-0.21600001,-0.30500001,-0.16500001,-0.13900000,-0.15500000
-0.11200000,0.34200001,0.45400000,-0.11500000,-0.28299999,0.39700001,-0.06900000,-0.21900000,-0.30500001,-0.16500001,-0.14200000,-0.15500000
-0.09700000,0.35400000,0.44999999,-0.12899999,-0.27399999,0.40200001,-0.08800000,-0.22499999,-0.30500001,-0.16500001,-0.15800001,-0.15500000
-0.09800000,0.35100001,0.44900000,-0.12600000,-0.27399999,0.40000001,-0.09100000,-0.22400001,-0.30500001,-0.16400000,-0.16200000,-0.15600000
-0.10000000,0.34299999,0.44400001,-0.12200000,-0.27200001,0.39300001,-0.08900000,-0.22800000,-0.30700001,-0.16800000,-0.15800001,-0.16100000
-0.10300000,0.34099999,0.44400001,-0.11900000,-0.27399999,0.39199999,-0.08600000,-0.22900000,-0.31099999,-0.17000000,-0.16200000,-0.16000000
-0.10600000,0.32900000,0.43500000,-0.11200000,-0.27100000,0.38200000,-0.08400000,-0.23400000,-0.31500000,-0.17600000,-0.15800001,-0.16000000
-0.11100000,0.34200001,0.45400000,-0.11500000,-0.28299999,0.39800000,-0.08700000,-0.25000000,-0.32300001,-0.18300000,-0.16599999,-0.16100000
-0.12500000,0.37099999,0.49700001,-0.12300000,-0.31099999,0.43300000,-0.08800000,-0.25000000,-0.32499999,-0.18600000,-0.18500000,-0.15800001
-0.12400000,0.37000000,0.49399999,-0.12400000,-0.30899999,0.43099999,-0.11800000,-0.25299999,-0.32900000,-0.18900000,-0.18500000,-0.14700000
-0.12700000,0.36899999,0.49599999,-0.12200000,-0.31099999,0.43200001,-0.10200000,-0.25600001,-0.33000001,-0.19200000,-0.18400000,-0.05100000
-0.12300000,0.37099999,0.49399999,-0.12500000,-0.30800000,0.43200001,-0.06900000,-0.25400001,-0.33500001,-0.19499999,-0.18500000,0.00900000
-0.12800001,0.36800000,0.49599999,-0.12100000,-0.31200001,0.43200001,-0.04700000,-0.25600001,-0.33500001,-0.19000000,-0.18400000,-0.00400000
-0.11700000,0.37300000,0.49100000,-0.12800001,-0.30399999,0.43099999,-0.05900000,-0.25500000,-0.32499999,-0.18600000,-0.18799999,0.00200000
-0.09700000,0.37799999,0.47400001,-0.14100000,-0.28600001,0.42600000,-0.06400000,-0.25500000,-0.31500000,-0.18700001,-0.19000000,-0.00200000
