I,II,III,aVR,aVL,aVF,V1,V2,V3,V4,V5,V6
-0.06500000,-0.11700000,-0.05300000,0.09100000,-0.00600000,-0.08400000,0.07100000,-0.17299999,-0.10600000,-0.11800000,-0.04700000,-0.07400000
-0.06700000,-0.11900000,-0.05200000,0.09400000,-0.00800000,-0.08500000,0.06800000,-0.18099999,-0.10100000,-0.11000000,-0.04300000,-0.07800000
-0.06800000,-0.13300000,-0.06500000,0.10100000,-0.00100000,-0.09900000,0.10300000,-0.14200000,-0.06700000,-0.07800000,-0.03300000,-0.08700000
-0.06600000,-0.11500000,-0.04900000,0.09100000,-0.00900000,-0.08200000,0.21300000,0.17100000,0.25600001,0.05700000,-0.02100000,-0.12500000
0.11000000,0.13200000,0.02200000,-0.12100000,0.04400000,0.07700000,0.01500000,-0.11100000,0.25700000,0.41499999,0.28900000,0.11900000
0.41299999,0.73600000,0.32300001,-0.57499999,0.04500000,0.52899998,-0.52899998,-1.06500006,-0.35400000,0.86299998,1.00000000,0.77999997
0.27100000,0.60600001,0.33500001,-0.43900001,-0.03200000,0.47000000,-0.63000000,-1.29100001,-0.79600000,0.44900000,0.68800002,0.73000002
-0.05800000,-0.11300000,-0.05500000,0.08600000,-0.00100000,-0.08400000,-0.25099999,-0.85299999,-0.99100000,-0.44900000,-0.21699999,0.07300000
-0.10800000,-0.18200000,-0.07400000,0.14500000,-0.01700000,-0.12800001,-0.05400000,-0.52100003,-0.64499998,-0.41400000,-0.24500000,-0.09900000
-0.08800000,-0.10100000,-0.01400000,0.09500000,-0.03700000,-0.05700000,0.03100000,-0.27000001,-0.20200001,-0.11700000,-0.11000000,-0.06800000
-0.06400000,-0.11100000,-0.04700000,0.08800000,-0.00800000,-0.07800000,0.09400000,-0.14800000,-0.11700000,-0.07600000,-0.09100000,-0.06400000
-0.03800000,-0.09200000,-0.05400000,0.06500000,0.00800000,-0.07300000,0.09000000,-0.13400000,-0.05800000,-0.03500000,-0.05700000,-0.05800000
-0.04300000,-0.10700000,-0.06500000,0.07500000,0.01100000,-0.08600000,0.09000000,-0.10500000,-0.04600000,-0.04600000,-0.07100000,-0.06500000
-0.04400000,-0.09400000,-0.05000000,0.06900000,0.00300000,-0.07100000,0.08000000,-0.09200000,-0.02400000,-0.03300000,-0.05100000,-0.05600000
-0.04800000,-0.10400000,-0.05700000,0.07600000,0.00500000,-0.08000000,0.08000000,-0.08500000,-0.01500000,-0.03500000,-0.05500000,-0.06100000
-0.05100000,-0.09700000,-0.04600000,0.07400000,-0.00300000,-0.07100000,0.07200000,-0.07900000,-0.01000000,-0.03000000,-0.04300000,-0.05200000
-0.04100000,-0.09900000,-0.05800000,0.07000000,0.00900000,-0.07800000,0.07000000,-0.07400000,0.00400000,-0.02900000,-0.04200000,-0.05700000
-0.02200000,-0.09200000,-0.07000000,0.05700000,0.02400000,-0.08100000,0.08000000,-0.06700000,0.01300000,-0.02000000,-0.03900000,-0.05000000
-0.01400000,-0.08800000,-0.07400000,0.05100000,0.03000000,-0.08000000,0.08000000,-0.04800000,0.03000000,0.00300000,-0.03400000,-0.04400000
-0.00900000,-0.08600000,-0.07700000,0.04800000,0.03400000,-0.08100000,0.07200000,-0.02800000,0.05600000,0.02200000,-0.03300000,-0.03800000
0.01600000,-0.06600000,-0.08200000,0.02500000,0.04900000,-0.07400000,0.06600000,-0.01500000,0.08300000,0.04000000,-0.02700000,-0.03100000
0.03400000,-0.04300000,-0.07700000,0.00400000,0.05500000,-0.05900000,0.06000000,0.01000000,0.11200000,0.06300000,0.00000000,-0.02400000
0.06000000,-0.02500000,-0.08600000,-0.01700000,0.07300000,-0.05600000,0.05000000,0.03700000,0.15500000,0.09700000,0.02800000,-0.00900000
0.07700000,-0.01400000,-0.09200000,-0.03100000,0.08400000,-0.05300000,0.03400000,0.06600000,0.19700000,0.13600001,0.05500000,0.01500000
0.11600000,0.01900000,-0.09700000,-0.06800000,0.10600000,-0.03900000,-0.00200000,0.10100000,0.24600001,0.18900000,0.09500000,0.04600000
0.17700000,0.05600000,-0.12100000,-0.11600000,0.14800000,-0.03200000,-0.02900000,0.13800000,0.30199999,0.24699999,0.14300001,0.08100000
0.18000001,0.07300000,-0.10700000,-0.12600000,0.14300001,-0.01700000,-0.05200000,0.16800000,0.34700000,0.30500001,0.19100000,0.13000000
0.23300000,0.11100000,-0.12200000,-0.17200001,0.17700000,-0.00500000,-0.08000000,0.17399999,0.34700000,0.33800000,0.23100001,0.16400000
0.24600001,0.12400000,-0.12200000,-0.18400000,0.18400000,0.00100000,-0.08200000,0.16700000,0.33100000,0.33899999,0.25799999,0.17299999
0.21900000,0.12899999,-0.09000000,-0.17299999,0.15400000,0.01900000,-0.06900000,0.15099999,0.30300000,0.30899999,0.24699999,0.16599999
0.21400000,0.13400000,-0.08000000,-0.17399999,0.14700000,0.02700000,-0.06000000,0.11000000,0.22300000,0.23800001,0.19700000,0.13400000
0.11900000,0.05400000,-0.06400000,-0.08600000,0.09100000,-0.00500000,-0.02800000,0.04300000,0.12400000,0.15000001,0.12600000,0.08900000
0.04300000,-0.00500000,-0.04800000,-0.01900000,0.04500000,-0.02600000,0.01600000,-0.01400000,0.05200000,0.07900000,0.07000000,0.03200000
0.01200000,-0.01800000,-0.03000000,0.00300000,0.02100000,-0.02400000,0.03800000,-0.05600000,-0.00300000,0.02300000,0.01900000,-0.00800000
-0.02200000,-0.05000000,-0.02800000,0.03600000,0.00300000,-0.03900000,0.06400000,-0.08900000,-0.04600000,-0.01600000,-0.03100000,-0.02600000
-0.04200000,-0.06200000,-0.02000000,0.05300000,-0.01100000,-0.04100000,0.08000000,-0.09900000,-0.05700000,-0.04300000,-0.05300000,-0.06300000
-0.05200000,-0.08200000,-0.03000000,0.06700000,-0.01100000,-0.05600000,0.08400000,-0.09900000,-0.06300000,-0.05600000,-0.06400000,-0.07800000
-0.03900000,-0.09500000,-0.05600000,0.06800000,0.00900000,-0.07500000,0.08600000,-0.10300000,-0.07500000,-0.05400000,-0.07300000,-0.07900000
-0.04800000,-0.09600000,-0.04700000,0.07200000,0.00000000,-0.07100000,0.08500000,-0.10600000,-0.07500000,-0.06600000,-0.07000000,-0.08600000
-0.05400000,-0.09400000,-0.04000000,0.07500000,-0.00700000,-0.06700000,0.08400000,-0.10500000,-0.07300000,-0.07200000,-0.06900000,-0.08100000
-0.04900000,-0.08500000,-0.03600000,0.06800000,-0.00600000,-0.06000000,0.09300000,-0.10500000,-0.07000000,-0.06600000,-0.07100000,-0.08000000
-0.08000000,-0.10400000,-0.02400000,0.09200000,-0.02800000,-0.06300000,0.10200000,-0.10500000,-0.07000000,-0.06400000,-0.06700000,-0.08000000
-0.07100000,-0.10800000,-0.03700000,0.09000000,-0.01700000,-0.07300000,0.09700000,-0.10500000,-0.06800000,-0.05900000,-0.07700000,-0.08000000
-0.04200000,-0.09700000,-0.05500000,0.07000000,0.00700000,-0.07600000,0.09500000,-0.10100000,-0.06400000,-0.05600000,-0.08600000,-0.08100000
-0.04700000,-0.09400000,-0.04800000,0.07100000,0.00100000,-0.07100000,0.09100000,-0.09600000,-0.06600000,-0.05300000,-0.08000000,-0.07900000
-0.06300000,-0.10300000,-0.04000000,0.08300000,-0.01100000,-0.07100000,0.09000000,-0.09400000,-0.06100000,-0.04600000,-0.07800000,-0.07300000
-0.07200000,-0.10700000,-0.03600000,0.09000000,-0.01800000,-0.07100000,0.08700000,-0.08900000,-0.06000000,-0.04100000,-0.07300000,-0.06500000
-0.07400000,-0.10000000,-0.02500000,0.08700000,-0.02400000,-0.06200000,0.07900000,-0.08600000,-0.06000000,-0.03600000,-0.07000000,-0.05900000
-0.05800000,-0.09000000,-0.03300000,0.07500000,-0.01200000,-0.06100000,0.07500000,-0.08500000,-0.06000000,-0.02900000,-0.06700000,-0.05200000
-0.01000000,-0.07200000,-0.06200000,0.04100000,0.02600000,-0.06700000,0.06900000,-0.08500000,-0.06000000,-0.02600000,-0.06500000,-0.04600000
-0.00300000,-0.07400000,-0.07100000,0.03900000,0.03400000,-0.07200000,0.06300000,-0.08500000,-0.06000000,-0.02300000,-0.06500000,-0.05200000
-0.02800000,-0.09000000,-0.06200000,0.05900000,0.01800000,-0.07600000,0.06000000,-0.08500000,-0.05900000,-0.03600000,-0.06500000,-0.06400000
-0.02400000,-0.08400000,-0.06000000,0.05400000,0.01800000,-0.07200000,0.06000000,-0.08500000,-0.06400000,-0.05200000,-0.06500000,-0.07000000
-0.02200000,-0.07700000,-0.05500000,0.05000000,0.01700000,-0.06600000,0.06000000,-0.08500000,-0.07200000,-0.04900000,-0.06600000,-0.07100000
-0.02700000,-0.07500000,-0.04800000,0.05100000,0.01100000,-0.06200000,0.06000000,-0.09000000,-0.07500000,-0.05300000,-0.07000000,-0.06800000
-0.00400000,-0.06300000,-0.05900000,0.03300000,0.02800000,-0.06100000,0.06000000,-0.09000000,-0.07900000,-0.05600000,-0.07000000,-0.06400000
-0.00600000,-0.07700000,-0.07100000,0.04200000,0.03300000,-0.07400000,0.05900000,-0.09000000,-0.08100000,-0.05400000,-0.07200000,-0.06300000
-0.00800000,-0.07200000,-0.06300000,0.04000000,0.02800000,-0.06700000,0.06400000,-0.08800000,-0.07900000,-0.05900000,-0.07600000,-0.05700000
-0.01900000,-0.07800000,-0.05900000,0.04800000,0.02000000,-0.06800000,0.06900000,-0.08400000,-0.08100000,-0.06000000,-0.07400000,-0.06800000
-0.06200000,-0.11900000,-0.05700000,0.09100000,-0.00200000,-0.08800000,0.06500000,-0.08500000,-0.07800000,-0.06000000,-0.07900000,-0.09000000
-0.05800000,-0.10500000,-0.04600000,0.08200000,-0.00600000,-0.07500000,0.06500000,-0.08500000,-0.08500000,-0.06400000,-0.08000000,-0.09200000
-0.03300000,-0.09100000,-0.05900000,0.06200000,0.01400000,-0.07500000,0.06300000,-0.08500000,-0.09600000,-0.06500000,-0.08000000,-0.09400000
-0.01600000,-0.09300000,-0.07700000,0.05500000,0.03000000,-0.08400000,0.05900000,-0.08500000,-0.09300000,-0.06400000,-0.08400000,-0.09800000
-0.01600000,-0.08600000,-0.07000000,0.05100000,0.02700000,-0.07800000,0.06000000,-0.07800000,-0.09100000,-0.05900000,-0.08500000,-0.10000000
-0.01600000,-0.08400000,-0.06700000,0.05000000,0.02600000,-0.07500000,0.06300000,-0.07100000,-0.08700000,-0.05300000,-0.08400000,-0.09700000
-0.01700000,-0.08100000,-0.06400000,0.05000000,0.02300000,-0.07200000,0.07300000,-0.06400000,-0.08500000,-0.05000000,-0.07500000,-0.08800000
-0.01300000,-0.07300000,-0.06000000,0.04300000,0.02300000,-0.06600000,0.07500000,-0.05700000,-0.08100000,-0.04500000,-0.06500000,-0.08000000
-0.00500000,-0.06200000,-0.05700000,0.03400000,0.02600000,-0.05900000,0.06700000,-0.05300000,-0.06800000,-0.04100000,-0.05500000,-0.07100000
0.02100000,-0.03300000,-0.05400000,0.00600000,0.03800000,-0.04300000,0.06100000,-0.04700000,-0.06300000,-0.03500000,-0.05300000,-0.07000000
0.02300000,-0.02800000,-0.05100000,0.00200000,0.03800000,-0.03900000,0.05300000,-0.04600000,-0.06600000,-0.02500000,-0.05600000,-0.07000000
0.04600000,-0.00200000,-0.04800000,-0.02200000,0.04700000,-0.02500000,0.05200000,-0.04800000,-0.06400000,-0.01900000,-0.05400000,-0.06900000
0.07100000,0.02600000,-0.04500000,-0.04800000,0.05700000,-0.00900000,0.05500000,-0.05500000,-0.06600000,-0.01500000,-0.05600000,-0.07100000
-0.00600000,-0.05200000,-0.04700000,0.02900000,0.02100000,-0.05000000,0.05500000,-0.05200000,-0.06500000,-0.02200000,-0.05400000,-0.06900000
-0.01900000,-0.07600000,-0.05700000,0.04800000,0.01900000,-0.06600000,0.05900000,-0.05000000,-0.06400000,-0.03700000,-0.05700000,-0.07300000
-0.02200000,-0.07800000,-0.05600000,0.05100000,0.01700000,-0.06700000,0.06000000,-0.06600000,-0.09100000,-0.05200000,-0.06400000,-0.08300000
-0.05800000,-0.10600000,-0.04900000,0.08200000,-0.00400000,-0.07700000,0.06000000,-0.07000000,-0.10000000,-0.06400000,-0.07600000,-0.09100000
-0.06100000,-0.11100000,-0.05000000,0.08600000,-0.00500000,-0.08100000,0.06500000,-0.07200000,-0.10200000,-0.06800000,-0.08300000,-0.09800000
-0.07800000,-0.11800000,-0.04000000,0.09800000,-0.01900000,-0.07900000,0.06500000,-0.06700000,-0.09700000,-0.07500000,-0.08700000,-0.10300000
-0.07400000,-0.11700000,-0.04300000,0.09600000,-0.01500000,-0.08000000,0.06500000,-0.07400000,-0.10300000,-0.09200000,-0.11000000,-0.11700000
-0.07100000,-0.11200000,-0.04200000,0.09200000,-0.01400000,-0.07700000,0.06600000,-0.06500000,-0.09700000,-0.08300000,-0.10800000,-0.12000000
-0.07300000,-0.11700000,-0.04400000,0.09500000,-0.01400000,-0.08000000,0.06400000,-0.07400000,-0.10100000,-0.07800000,-0.10700000,-0.12000000
-0.08200000,-0.11500000,-0.03300000,0.09800000,-0.02400000,-0.07400000,0.06700000,-0.05800000,-0.10200000,-0.07200000,-0.10300000,-0.12100000
-0.08600000,-0.11200000,-0.02600000,0.10000000,-0.03000000,-0.06900000,0.06100000,-0.07300000,-0.09300000,-0.06100000,-0.10000000,-0.11600000
-0.09800000,-0.12500000,-0.02700000,0.11200000,-0.03500000,-0.07600000,0.10000000,0.00400000,-0.03900000,-0.05300000,-0.10200000,-0.13900000
-0.10200000,-0.10200000,-0.00100000,0.10200000,-0.05000000,-0.05100000,0.18900000,0.28999999,0.31600001,0.09900000,-0.07000000,-0.18099999
0.12600000,0.22000000,0.09400000,-0.17299999,0.01600000,0.15700001,-0.06500000,-0.14399999,0.15600000,0.50000000,0.36500001,0.14000000
0.38699999,0.80699998,0.41999999,-0.59700000,-0.01700000,0.61299998,-0.61400002,-1.02999997,-0.48199999,0.89999998,1.03299999,0.78500003
0.20000000,0.52600002,0.32600001,-0.36300001,-0.06400000,0.42600000,-0.61400002,-1.08399999,-0.84700000,0.33500001,0.53899997,0.60600001
-0.08300000,-0.15400000,-0.07100000,0.11900000,-0.00600000,-0.11300000,-0.22400001,-0.64099997,-0.97899997,-0.51700002,-0.32800001,-0.04400000
-0.10500000,-0.15400000,-0.05000000,0.13000000,-0.02700000,-0.10200000,-0.06100000,-0.34099999,-0.54600000,-0.37300000,-0.27000001,-0.14500000
-0.08100000,-0.09800000,-0.01700000,0.09000000,-0.03200000,-0.05700000,0.02800000,-0.14200000,-0.15800001,-0.12000000,-0.14000000,-0.13200000
-0.05400000,-0.09100000,-0.03700000,0.07300000,-0.00800000,-0.06400000,0.06900000,-0.04900000,-0.09700000,-0.08500000,-0.12100000,-0.13699999
-0.05800000,-0.10000000,-0.04300000,0.08000000,-0.00700000,-0.07200000,0.07500000,-0.02400000,-0.02000000,-0.03800000,-0.09200000,-0.12200000
-0.08200000,-0.12899999,-0.04700000,0.10600000,-0.01700000,-0.08800000,0.08300000,-0.00200000,-0.01800000,-0.04900000,-0.09900000,-0.12700000
-0.06700000,-0.10200000,-0.03500000,0.08400000,-0.01500000,-0.06800000,0.07700000,0.00600000,-0.00600000,-0.03000000,-0.07700000,-0.11700000
-0.05900000,-0.10000000,-0.04100000,0.08000000,-0.00900000,-0.07100000,0.08200000,0.01200000,0.00100000,-0.03300000,-0.08000000,-0.12500000
-0.05400000,-0.08400000,-0.03000000,0.06900000,-0.01200000,-0.05600000,0.07900000,0.02000000,0.01700000,-0.02400000,-0.06600000,-0.11400000
-0.02900000,-0.08300000,-0.05400000,0.05600000,0.01300000,-0.06800000,0.08100000,0.02600000,0.03200000,-0.01600000,-0.06400000,-0.11400000
-0.00700000,-0.07300000,-0.06600000,0.04100000,0.03000000,-0.06900000,0.07300000,0.03300000,0.04200000,-0.00500000,-0.05500000,-0.10700000
-0.00300000,-0.06700000,-0.06500000,0.03500000,0.03100000,-0.06600000,0.06500000,0.05700000,0.06500000,0.01200000,-0.04900000,-0.10300000
0.00200000,-0.06200000,-0.06400000,0.03000000,0.03300000,-0.06300000,0.06000000,0.07400000,0.09000000,0.03500000,-0.03800000,-0.09100000
0.02000000,-0.05300000,-0.07300000,0.01700000,0.04700000,-0.06300000,0.04900000,0.09100000,0.11900000,0.05800000,-0.02500000,-0.07500000
0.04500000,-0.04200000,-0.08700000,-0.00100000,0.06600000,-0.06400000,0.04600000,0.11100000,0.15899999,0.08000000,-0.00900000,-0.06600000
0.05700000,-0.02800000,-0.08500000,-0.01400000,0.07100000,-0.05600000,0.03200000,0.12800001,0.19900000,0.11500000,0.01900000,-0.05400000
0.07500000,-0.00800000,-0.08300000,-0.03300000,0.07900000,-0.04600000,0.00800000,0.16200000,0.25000000,0.16300000,0.04700000,-0.03900000
0.11300000,0.01700000,-0.09500000,-0.06500000,0.10400000,-0.03900000,-0.00900000,0.20299999,0.31900001,0.22499999,0.10000000,-0.00700000
0.15300000,0.04800000,-0.10500000,-0.10000000,0.12899999,-0.02800000,-0.04100000,0.23100001,0.37000000,0.28400001,0.14500000,0.03600000
0.19100000,0.09400000,-0.09700000,-0.14200000,0.14300001,-0.00200000,-0.07300000,0.25200000,0.40700001,0.33700001,0.19300000,0.08800000
0.20700000,0.11600000,-0.09100000,-0.16100000,0.14900000,0.01200000,-0.08400000,0.26899999,0.42399999,0.38000000,0.24800000,0.12300000
0.22200000,0.13500001,-0.08700000,-0.17800000,0.15400000,0.02400000,-0.09500000,0.24699999,0.40799999,0.38100001,0.25400001,0.11700000
0.22600000,0.14900000,-0.07700000,-0.18700001,0.15200000,0.03500000,-0.10100000,0.20200001,0.34799999,0.33700001,0.22600000,0.10700000
0.16700000,0.10800000,-0.06000000,-0.13699999,0.11400000,0.02400000,-0.06900000,0.16000000,0.25299999,0.25500000,0.17399999,0.07900000
0.09500000,0.05100000,-0.04500000,-0.07300000,0.07000000,0.00300000,-0.02200000,0.10800000,0.15600000,0.15400000,0.10400000,0.02400000
0.04500000,0.01200000,-0.03300000,-0.02800000,0.03900000,-0.01000000,0.01200000,0.05800000,0.07900000,0.07200000,0.05100000,-0.02000000
-0.00300000,-0.01900000,-0.01500000,0.01100000,0.00600000,-0.01700000,0.03100000,0.02300000,0.02600000,0.01700000,0.00700000,-0.06400000
-0.02000000,-0.04500000,-0.02500000,0.03300000,0.00300000,-0.03500000,0.04700000,-0.01300000,-0.00800000,-0.02500000,-0.03500000,-0.09300000
-0.00200000,-0.03900000,-0.03700000,0.02100000,0.01800000,-0.03800000,0.06500000,-0.03900000,-0.02500000,-0.05100000,-0.06400000,-0.10500000
-0.01800000,-0.05200000,-0.03400000,0.03500000,0.00800000,-0.04300000,0.06500000,-0.04000000,-0.03900000,-0.06400000,-0.07500000,-0.11300000
-0.04600000,-0.08200000,-0.03600000,0.06400000,-0.00500000,-0.05800000,0.06500000,-0.04000000,-0.04700000,-0.07500000,-0.07500000,-0.11000000
-0.04100000,-0.07200000,-0.03100000,0.05700000,-0.00500000,-0.05100000,0.06500000,-0.03900000,-0.04300000,-0.07500000,-0.07500000,-0.11000000
-0.04300000,-0.06900000,-0.02600000,0.05600000,-0.00800000,-0.04700000,0.06500000,-0.04500000,-0.05100000,-0.07500000,-0.08000000,-0.11000000
-0.04700000,-0.06800000,-0.02100000,0.05800000,-0.01300000,-0.04400000,0.06300000,-0.05700000,-0.06100000,-0.07400000,-0.08600000,-0.11000000
-0.04400000,-0.06200000,-0.01800000,0.05300000,-0.01300000,-0.04000000,0.05900000,-0.05300000,-0.05500000,-0.08000000,-0.08800000,-0.10900000
-0.05200000,-0.06300000,-0.01200000,0.05800000,-0.02000000,-0.03700000,0.06000000,-0.05000000,-0.05000000,-0.08800000,-0.09200000,-0.11400000
-0.04500000,-0.05600000,-0.01100000,0.05000000,-0.01700000,-0.03300000,0.06000000,-0.04700000,-0.04700000,-0.08500000,-0.09500000,-0.11300000
-0.04000000,-0.06400000,-0.02500000,0.05200000,-0.00700000,-0.04400000,0.06000000,-0.04500000,-0.04100000,-0.08500000,-0.09000000,-0.12200000
-0.06200000,-0.08700000,-0.02500000,0.07500000,-0.01800000,-0.05600000,0.05900000,-0.04300000,-0.03800000,-0.08200000,-0.08200000,-0.13000000
-0.05300000,-0.07300000,-0.02000000,0.06300000,-0.01600000,-0.04600000,0.05600000,-0.03900000,-0.03500000,-0.07900000,-0.07600000,-0.11400000
-0.04500000,-0.06300000,-0.01800000,0.05400000,-0.01300000,-0.04000000,0.05300000,-0.04000000,-0.03500000,-0.08100000,-0.06900000,-0.10300000
-0.04300000,-0.05600000,-0.01300000,0.05000000,-0.01500000,-0.03400000,0.05000000,-0.04000000,-0.03500000,-0.08400000,-0.06400000,-0.09700000
-0.03900000,-0.04900000,-0.01000000,0.04400000,-0.01400000,-0.02900000,0.04700000,-0.04000000,-0.03500000,-0.08600000,-0.05900000,-0.09200000
-0.03000000,-0.04400000,-0.01400000,0.03800000,-0.00800000,-0.02900000,0.04500000,-0.04000000,-0.03600000,-0.08400000,-0.05400000,-0.08900000
-0.00700000,-0.03100000,-0.02400000,0.01900000,0.00900000,-0.02700000,0.04300000,-0.04500000,-0.03900000,-0.08600000,-0.05100000,-0.08400000
-0.02900000,-0.05800000,-0.02900000,0.04400000,0.00000000,-0.04300000,0.03900000,-0.04500000,-0.04200000,-0.08400000,-0.04300000,-0.07900000
-0.02800000,-0.05100000,-0.02300000,0.04000000,-0.00300000,-0.03700000,0.04000000,-0.04600000,-0.04500000,-0.08700000,-0.04700000,-0.09100000
-0.02500000,-0.04300000,-0.01700000,0.03400000,-0.00400000,-0.03000000,0.04000000,-0.05100000,-0.04600000,-0.09100000,-0.06500000,-0.11200000
-0.04600000,-0.05900000,-0.01300000,0.05300000,-0.01600000,-0.03500000,0.04000000,-0.04900000,-0.04300000,-0.08800000,-0.06600000,-0.11600000
-0.04100000,-0.04700000,-0.00600000,0.04500000,-0.01800000,-0.02600000,0.03900000,-0.05100000,-0.05400000,-0.10100000,-0.06400000,-0.11500000
-0.04600000,-0.04800000,-0.00100000,0.04700000,-0.02200000,-0.02400000,0.03600000,-0.04900000,-0.06100000,-0.11200000,-0.06600000,-0.11200000
-0.04600000,-0.04200000,0.00400000,0.04400000,-0.02500000,-0.01900000,0.04000000,-0.05200000,-0.06000000,-0.10900000,-0.06300000,-0.10900000
-0.04400000,-0.03900000,0.00500000,0.04100000,-0.02500000,-0.01700000,0.04000000,-0.06500000,-0.06000000,-0.11000000,-0.07200000,-0.11000000
-0.05400000,-0.04900000,0.00500000,0.05100000,-0.02900000,-0.02100000,0.04000000,-0.06300000,-0.05900000,-0.11000000,-0.08500000,-0.11700000
-0.06200000,-0.05200000,0.01000000,0.05700000,-0.03600000,-0.02100000,0.04000000,-0.05800000,-0.07500000,-0.11000000,-0.08500000,-0.12800001
-0.06000000,-0.05000000,0.01000000,0.05500000,-0.03500000,-0.02000000,0.04000000,-0.05700000,-0.08200000,-0.11400000,-0.08500000,-0.13000000
-0.06100000,-0.05000000,0.01100000,0.05500000,-0.03600000,-0.01900000,0.04000000,-0.05000000,-0.07500000,-0.11500000,-0.08500000,-0.13000000
-0.06300000,-0.04700000,0.01600000,0.05500000,-0.03900000,-0.01500000,0.04000000,-0.05300000,-0.07500000,-0.11600000,-0.08500000,-0.13000000
-0.06300000,-0.04400000,0.01900000,0.05300000,-0.04000000,-0.01200000,0.04000000,-0.06100000,-0.07000000,-0.11900000,-0.08300000,-0.13000000
-0.06900000,-0.04600000,0.02300000,0.05700000,-0.04600000,-0.01100000,0.04000000,-0.06000000,-0.07000000,-0.12100000,-0.07500000,-0.13000000
-0.06500000,-0.03900000,0.02600000,0.05200000,-0.04500000,-0.00700000,0.04000000,-0.06000000,-0.07300000,-0.11900000,-0.06900000,-0.12400000
-0.06900000,-0.03800000,0.03100000,0.05400000,-0.05000000,-0.00300000,0.04000000,-0.05500000,-0.06500000,-0.11100000,-0.06300000,-0.11900000
-0.05600000,-0.02800000,0.02800000,0.04200000,-0.04100000,0.00000000,0.04500000,-0.05500000,-0.05900000,-0.10200000,-0.05600000,-0.11400000
-0.02500000,0.00900000,0.03500000,0.00800000,-0.03000000,0.02200000,0.04500000,-0.05400000,-0.05200000,-0.09300000,-0.05000000,-0.10800000
-0.03100000,0.03300000,0.06400000,-0.00200000,-0.04800000,0.04900000,0.03100000,-0.05500000,-0.04500000,-0.09200000,-0.04400000,-0.10200000
-0.02100000,0.03700000,0.05700000,-0.00800000,-0.03900000,0.04700000,0.02000000,-0.05600000,-0.05100000,-0.09700000,-0.04200000,-0.10200000
0.00200000,0.03900000,0.03700000,-0.02100000,-0.01800000,0.03800000,0.01300000,-0.05200000,-0.05300000,-0.09800000,-0.04700000,-0.10600000
-0.01000000,0.02100000,0.03100000,-0.00600000,-0.02000000,0.02600000,0.00400000,-0.06700000,-0.06100000,-0.10300000,-0.05200000,-0.10900000
-0.02100000,0.00900000,0.02900000,0.00600000,-0.02500000,0.01900000,0.02400000,-0.05500000,-0.05700000,-0.10300000,-0.05400000,-0.11200000
-0.01800000,0.01300000,0.03100000,0.00300000,-0.02500000,0.02100000,0.04800000,-0.07300000,-0.07000000,-0.11200000,-0.06700000,-0.11600000
-0.04300000,-0.01400000,0.02900000,0.02800000,-0.03600000,0.00700000,0.04300000,-0.10000000,-0.09600000,-0.12600000,-0.07900000,-0.13000000
-0.06800000,-0.03700000,0.03100000,0.05200000,-0.04900000,-0.00200000,0.04100000,-0.08900000,-0.09400000,-0.12400000,-0.08200000,-0.13699999
-0.07100000,-0.04500000,0.02600000,0.05700000,-0.04800000,-0.00900000,0.03800000,-0.09100000,-0.10300000,-0.12600000,-0.08800000,-0.14000000
-0.07700000,-0.05100000,0.02600000,0.06400000,-0.05200000,-0.01200000,0.03500000,-0.08100000,-0.09800000,-0.12400000,-0.08800000,-0.13900000
-0.08600000,-0.06600000,0.02000000,0.07600000,-0.05300000,-0.02300000,0.03400000,-0.08500000,-0.11100000,-0.12600000,-0.09500000,-0.14200000
-0.07800000,-0.05800000,0.02000000,0.06800000,-0.04900000,-0.01900000,0.03000000,-0.07500000,-0.09600000,-0.12600000,-0.09200000,-0.13800000
-0.07200000,-0.05600000,0.01500000,0.06300000,-0.04300000,-0.02000000,0.02900000,-0.09800000,-0.10200000,-0.13100000,-0.10200000,-0.14200000
-0.06300000,-0.05000000,0.01300000,0.05600000,-0.03800000,-0.01800000,0.03300000,-0.07300000,-0.08600000,-0.13400000,-0.09700000,-0.13900000
-0.06900000,-0.03800000,0.03100000,0.05300000,-0.04900000,-0.00400000,0.02400000,-0.08300000,-0.09000000,-0.13200000,-0.10200000,-0.14000000
-0.09700000,-0.05700000,0.04100000,0.07700000,-0.06900000,-0.00800000,0.07500000,0.00300000,-0.00400000,-0.10400000,-0.09800000,-0.16700000
-0.08000000,-0.01300000,0.06600000,0.04600000,-0.07300000,0.02600000,0.15700001,0.23300000,0.32800001,0.06400000,-0.03600000,-0.17000000
0.14500000,0.36700001,0.22300000,-0.25600001,-0.03900000,0.29499999,-0.16000000,-0.31900001,0.03900000,0.47400001,0.43599999,0.17900001
0.37400001,0.91100001,0.53600001,-0.64300001,-0.08100000,0.72299999,-0.70800000,-1.13999999,-0.55400002,0.84299999,1.05900002,0.80599999
0.15700001,0.51899999,0.36199999,-0.33800000,-0.10300000,0.44000000,-0.62900001,-1.07200003,-0.87099999,0.20500000,0.47099999,0.55800003
-0.08100000,-0.11800000,-0.03600000,0.10000000,-0.02200000,-0.07700000,-0.23500000,-0.62300003,-0.94000000,-0.58899999,-0.34500000,-0.09600000
-0.10300000,-0.07600000,0.02700000,0.08900000,-0.06500000,-0.02500000,-0.09600000,-0.34299999,-0.47000000,-0.37799999,-0.23400000,-0.14800000
-0.12000000,-0.04500000,0.07500000,0.08200000,-0.09700000,0.01400000,-0.01900000,-0.14200000,-0.12800001,-0.16300000,-0.12700000,-0.12600000
-0.06800000,-0.03400000,0.03400000,0.05100000,-0.05100000,0.00000000,0.02100000,-0.04600000,-0.06100000,-0.14700000,-0.09700000,-0.12000000
-0.06100000,-0.03100000,0.03000000,0.04600000,-0.04500000,0.00000000,0.05100000,-0.02800000,-0.01100000,-0.09500000,-0.06900000,-0.11900000
-0.05300000,-0.03800000,0.01500000,0.04500000,-0.03400000,-0.01100000,0.05400000,-0.01700000,-0.00400000,-0.09200000,-0.07800000,-0.14300001
-0.03900000,-0.02300000,0.01600000,0.03000000,-0.02700000,-0.00300000,0.04100000,-0.01900000,0.01700000,-0.07100000,-0.05700000,-0.12600000
-0.03300000,-0.03200000,0.00100000,0.03200000,-0.01700000,-0.01500000,0.04300000,-0.01300000,0.02000000,-0.08000000,-0.06300000,-0.13300000
-0.01800000,-0.01900000,-0.00100000,0.01900000,-0.00800000,-0.01000000,0.03000000,-0.00500000,0.03700000,-0.05300000,-0.04700000,-0.12100000
-0.04000000,-0.04300000,-0.00300000,0.04200000,-0.01900000,-0.02300000,0.03400000,0.01800000,0.04100000,-0.02900000,-0.04800000,-0.12200000
-0.04200000,-0.04100000,0.00100000,0.04200000,-0.02100000,-0.02000000,0.03400000,0.03700000,0.06600000,-0.02400000,-0.03800000,-0.11700000
-0.03600000,-0.03500000,0.00000000,0.03500000,-0.01800000,-0.01700000,0.02800000,0.05400000,0.08000000,-0.02500000,-0.03200000,-0.10800000
-0.02900000,-0.03100000,-0.00100000,0.03000000,-0.01400000,-0.01600000,0.02100000,0.06200000,0.10400000,-0.00600000,-0.02700000,-0.10200000
-0.01200000,-0.01800000,-0.00600000,0.01500000,-0.00300000,-0.01200000,0.01200000,0.06900000,0.14300001,0.02200000,-0.01700000,-0.09100000
0.02100000,0.00300000,-0.01900000,-0.01200000,0.02000000,-0.00800000,0.00700000,0.10000000,0.17100000,0.04400000,0.00300000,-0.08700000
0.04500000,0.01600000,-0.02900000,-0.03000000,0.03700000,-0.00600000,-0.00300000,0.12300000,0.22100000,0.07900000,0.03400000,-0.06600000
0.05700000,0.02800000,-0.03000000,-0.04300000,0.04300000,-0.00100000,-0.02200000,0.16100000,0.27200001,0.13300000,0.06100000,-0.04200000
0.09900000,0.06800000,-0.03100000,-0.08300000,0.06400000,0.01900000,-0.05200000,0.19700000,0.33300000,0.19499999,0.10500000,-0.02300000
0.14500000,0.11000000,-0.03500000,-0.12700000,0.08900000,0.03800000,-0.08000000,0.22499999,0.39300001,0.25099999,0.15800001,0.01600000
0.18400000,0.14800000,-0.03500000,-0.16599999,0.10900000,0.05600000,-0.10200000,0.24500000,0.42500001,0.31200001,0.21100000,0.05500000
0.20299999,0.16900000,-0.03400000,-0.18600000,0.11800000,0.06700000,-0.12300000,0.25200000,0.43799999,0.34999999,0.26100001,0.09000000
0.20400000,0.18400000,-0.02000000,-0.19300000,0.11100000,0.08200000,-0.14000000,0.24800000,0.42199999,0.34799999,0.27200001,0.10100000
0.20100001,0.19300000,-0.00800000,-0.19700000,0.10400000,0.09200000,-0.13600001,0.20400000,0.35100001,0.30500001,0.24900000,0.08200000
0.14900000,0.16200000,0.01300000,-0.15500000,0.06700000,0.08700000,-0.09600000,0.15000001,0.25000000,0.21400000,0.20100001,0.06100000
0.07300000,0.11200000,0.03900000,-0.09300000,0.01700000,0.07500000,-0.06500000,0.08400000,0.15000001,0.11500000,0.12700000,0.01400000
0.02400000,0.06500000,0.04100000,-0.04500000,-0.00800000,0.05300000,-0.03500000,0.02600000,0.07500000,0.03100000,0.05700000,-0.04200000
-0.01300000,0.02600000,0.03900000,-0.00600000,-0.02600000,0.03200000,-0.00800000,-0.00400000,0.02100000,-0.02300000,0.01600000,-0.08300000
-0.03700000,0.00400000,0.04100000,0.01600000,-0.03900000,0.02200000,-0.00100000,-0.04100000,-0.00600000,-0.05000000,-0.01800000,-0.10900000
-0.04300000,-0.00500000,0.03900000,0.02400000,-0.04100000,0.01700000,0.01100000,-0.06100000,-0.01500000,-0.07700000,-0.04600000,-0.11600000
-0.06000000,-0.01800000,0.04100000,0.03900000,-0.05000000,0.01100000,0.02600000,-0.06100000,-0.02800000,-0.09100000,-0.05500000,-0.11400000
-0.05700000,-0.02200000,0.03500000,0.04000000,-0.04600000,0.00600000,0.03200000,-0.06500000,-0.03600000,-0.09000000,-0.05900000,-0.11600000
-0.04400000,-0.01900000,0.02500000,0.03200000,-0.03500000,0.00300000,0.02900000,-0.06700000,-0.03400000,-0.09000000,-0.05600000,-0.11400000
-0.05100000,-0.03100000,0.02000000,0.04100000,-0.03500000,-0.00600000,0.02400000,-0.07200000,-0.03700000,-0.09100000,-0.05400000,-0.11600000
-0.03700000,-0.03600000,0.00100000,0.03600000,-0.01800000,-0.01700000,0.02300000,-0.07500000,-0.04900000,-0.08900000,-0.05600000,-0.12899999
-0.05400000,-0.03500000,0.01900000,0.04400000,-0.03600000,-0.00700000,0.01600000,-0.08000000,-0.05100000,-0.09200000,-0.05500000,-0.13100000
-0.07900000,-0.03500000,0.04400000,0.05700000,-0.06100000,0.00400000,0.01600000,-0.07800000,-0.05000000,-0.10800000,-0.05500000,-0.13000000
-0.07000000,-0.03500000,0.03500000,0.05200000,-0.05200000,0.00000000,0.02900000,-0.07200000,-0.05000000,-0.11100000,-0.05700000,-0.13000000
-0.06900000,-0.03500000,0.03300000,0.05100000,-0.05100000,-0.00100000,0.02900000,-0.06800000,-0.05000000,-0.10900000,-0.06200000,-0.13000000
-0.06000000,-0.02900000,0.03100000,0.04400000,-0.04500000,0.00100000,0.02100000,-0.06400000,-0.04900000,-0.11100000,-0.06400000,-0.12899999
-0.04700000,-0.02400000,0.02300000,0.03500000,-0.03500000,-0.00100000,0.01900000,-0.05900000,-0.04300000,-0.10900000,-0.06000000,-0.12400000
-0.04900000,-0.01900000,0.03100000,0.03300000,-0.04000000,0.00600000,0.01300000,-0.05500000,-0.03800000,-0.10300000,-0.05500000,-0.11900000
-0.05900000,-0.01300000,0.04600000,0.03600000,-0.05200000,0.01600000,0.01000000,-0.06000000,-0.03200000,-0.09600000,-0.05100000,-0.11500000
-0.05100000,-0.00600000,0.04500000,0.02800000,-0.04800000,0.01900000,0.02100000,-0.06000000,-0.02600000,-0.09000000,-0.04700000,-0.11000000
-0.05300000,-0.00900000,0.04400000,0.03000000,-0.04800000,0.01800000,0.02700000,-0.06000000,-0.02100000,-0.08200000,-0.04100000,-0.10500000
-0.06600000,-0.02700000,0.03900000,0.04600000,-0.05200000,0.00600000,0.02300000,-0.06100000,-0.02500000,-0.08300000,-0.04200000,-0.10800000
-0.07400000,-0.03200000,0.04200000,0.05300000,-0.05800000,0.00500000,0.02100000,-0.05900000,-0.03400000,-0.08900000,-0.04600000,-0.11400000
-0.06200000,-0.02800000,0.03500000,0.04500000,-0.04800000,0.00300000,0.01700000,-0.06300000,-0.04100000,-0.09200000,-0.04500000,-0.11700000
-0.04900000,-0.02600000,0.02300000,0.03700000,-0.03500000,-0.00200000,0.01500000,-0.06500000,-0.04600000,-0.09600000,-0.05000000,-0.12200000
-0.07400000,-0.02200000,0.05200000,0.04800000,-0.06300000,0.01400000,0.01300000,-0.06500000,-0.05500000,-0.10200000,-0.05500000,-0.12500000
-0.07300000,-0.01900000,0.05300000,0.04600000,-0.06300000,0.01700000,0.00900000,-0.07000000,-0.06400000,-0.10900000,-0.05800000,-0.12500000
-0.06700000,-0.02200000,0.04500000,0.04400000,-0.05600000,0.01100000,0.01000000,-0.07100000,-0.06500000,-0.11000000,-0.06300000,-0.12700000
-0.06900000,-0.02600000,0.04400000,0.04700000,-0.05600000,0.00900000,0.00600000,-0.07900000,-0.06500000,-0.11300000,-0.06500000,-0.13100000
-0.06100000,-0.02400000,0.03600000,0.04200000,-0.04800000,0.00600000,0.00400000,-0.09000000,-0.06500000,-0.11500000,-0.06800000,-0.13000000
-0.06000000,-0.02600000,0.03400000,0.04200000,-0.04700000,0.00400000,0.00500000,-0.09000000,-0.06500000,-0.11600000,-0.07100000,-0.12700000
-0.05800000,-0.02900000,0.02900000,0.04400000,-0.04400000,0.00000000,0.00400000,-0.08900000,-0.06400000,-0.12000000,-0.07500000,-0.12400000
-0.06400000,-0.03300000,0.03100000,0.04800000,-0.04700000,-0.00100000,0.00800000,-0.08500000,-0.06000000,-0.11900000,-0.07500000,-0.12100000
-0.06200000,-0.03500000,0.02700000,0.04900000,-0.04400000,-0.00400000,0.01000000,-0.08500000,-0.06000000,-0.12200000,-0.07600000,-0.11800000
-0.06500000,-0.04000000,0.02500000,0.05200000,-0.04500000,-0.00700000,0.01000000,-0.08300000,-0.06000000,-0.12500000,-0.08000000,-0.11500000
-0.06200000,-0.03700000,0.02500000,0.04900000,-0.04300000,-0.00600000,0.01000000,-0.07900000,-0.06000000,-0.12500000,-0.08000000,-0.11600000
-0.06100000,-0.03100000,0.02900000,0.04600000,-0.04500000,-0.00100000,0.01000000,-0.08000000,-0.06000000,-0.12500000,-0.07800000,-0.12000000
-0.06600000,-0.02600000,0.03900000,0.04600000,-0.05200000,0.00600000,0.01000000,-0.08000000,-0.06400000,-0.12500000,-0.07400000,-0.12400000
-0.05900000,-0.01900000,0.04000000,0.03900000,-0.04900000,0.01000000,0.00700000,-0.08000000,-0.06500000,-0.12500000,-0.07500000,-0.12500000
-0.07900000,-0.03900000,0.04000000,0.05900000,-0.06000000,0.00000000,0.00500000,-0.08000000,-0.06500000,-0.12500000,-0.07500000,-0.12500000
-0.09500000,-0.05500000,0.04000000,0.07500000,-0.06700000,-0.00700000,0.00500000,-0.08400000,-0.06400000,-0.12400000,-0.07500000,-0.12899999
-0.08300000,-0.04300000,0.04000000,0.06300000,-0.06100000,-0.00100000,0.00500000,-0.08500000,-0.06700000,-0.12700000,-0.07500000,-0.13000000
-0.07400000,-0.03500000,0.03900000,0.05500000,-0.05600000,0.00100000,0.00500000,-0.08500000,-0.08000000,-0.13200000,-0.07000000,-0.12800001
-0.06300000,-0.02900000,0.03400000,0.04500000,-0.04800000,0.00300000,0.00500000,-0.08500000,-0.07800000,-0.12899999,-0.07000000,-0.12500000
-0.05200000,-0.01700000,0.03600000,0.03400000,-0.04400000,0.00900000,0.01000000,-0.08500000,-0.07300000,-0.12300000,-0.06900000,-0.12200000
-0.07400000,-0.04000000,0.03400000,0.05600000,-0.05400000,-0.00300000,0.01700000,-0.08300000,-0.07100000,-0.12000000,-0.06500000,-0.12000000
-0.08300000,-0.04700000,0.03600000,0.06400000,-0.05900000,-0.00500000,0.02200000,-0.07800000,-0.06600000,-0.11500000,-0.06500000,-0.11600000
-0.05600000,-0.01800000,0.03900000,0.03700000,-0.04700000,0.01000000,0.02900000,-0.07600000,-0.06400000,-0.11100000,-0.06300000,-0.11500000
-0.05400000,0.00900000,0.06300000,0.02300000,-0.05900000,0.03500000,0.02700000,-0.07200000,-0.05200000,-0.11300000,-0.05200000,-0.10900000
-0.04500000,0.03900000,0.08400000,0.00300000,-0.06400000,0.06100000,0.01000000,-0.07000000,-0.04000000,-0.11500000,-0.04300000,-0.09600000
-0.01400000,0.03900000,0.05300000,-0.01300000,-0.03400000,0.04600000,-0.00500000,-0.07500000,-0.02800000,-0.11500000,-0.04400000,-0.08500000
-0.00800000,0.03000000,0.03700000,-0.01100000,-0.02300000,0.03300000,-0.02300000,-0.08300000,-0.01900000,-0.11500000,-0.04700000,-0.07900000
-0.01600000,0.02600000,0.04100000,-0.00500000,-0.02900000,0.03300000,-0.03700000,-0.08300000,-0.04600000,-0.11500000,-0.05100000,-0.08000000
-0.02300000,0.01600000,0.03900000,0.00400000,-0.03100000,0.02700000,-0.03300000,-0.07500000,-0.06000000,-0.11600000,-0.05400000,-0.07900000
-0.03300000,0.00700000,0.04000000,0.01300000,-0.03700000,0.02300000,-0.03000000,-0.09400000,-0.06500000,-0.12200000,-0.05700000,-0.09000000
-0.06500000,-0.02500000,0.04000000,0.04500000,-0.05200000,0.00700000,-0.02700000,-0.11400000,-0.09300000,-0.12899999,-0.06400000,-0.10300000
-0.08300000,-0.04500000,0.03900000,0.06400000,-0.06100000,-0.00200000,-0.02200000,-0.10600000,-0.08800000,-0.13100000,-0.07000000,-0.10200000
-0.08100000,-0.04600000,0.03500000,0.06300000,-0.05800000,-0.00600000,-0.02000000,-0.11300000,-0.09200000,-0.13800000,-0.07800000,-0.11400000
-0.07600000,-0.04400000,0.03200000,0.06000000,-0.05400000,-0.00500000,-0.01500000,-0.10100000,-0.08900000,-0.13900000,-0.08100000,-0.12000000
-0.07500000,-0.04500000,0.03000000,0.06000000,-0.05200000,-0.00700000,-0.01200000,-0.10900000,-0.08900000,-0.14000000,-0.08600000,-0.12000000
-0.07200000,-0.04600000,0.02600000,0.05900000,-0.04900000,-0.01000000,-0.00800000,-0.10000000,-0.09300000,-0.14000000,-0.08900000,-0.12100000
-0.06400000,-0.04000000,0.02400000,0.05200000,-0.04400000,-0.00800000,-0.00500000,-0.10000000,-0.08400000,-0.14200000,-0.09300000,-0.11800000
-0.08200000,-0.04500000,0.03800000,0.06300000,-0.06000000,-0.00300000,0.00000000,-0.10400000,-0.10000000,-0.15300000,-0.09500000,-0.12300000
-0.07500000,-0.03300000,0.04300000,0.05400000,-0.05900000,0.00500000,0.00300000,-0.09000000,-0.07500000,-0.13500001,-0.08300000,-0.11600000
-0.08300000,-0.04900000,0.03300000,0.06600000,-0.05800000,-0.00800000,0.01600000,-0.10000000,-0.07300000,-0.12899999,-0.08300000,-0.12600000
-0.11100000,-0.03100000,0.08100000,0.07100000,-0.09600000,0.02500000,0.10600000,0.16300000,0.19499999,-0.04700000,-0.07700000,-0.15899999
-0.01200000,0.15700001,0.17000000,-0.07300000,-0.09100000,0.16300000,0.00800000,-0.07600000,0.23000000,0.21300000,0.13200000,-0.01100000
0.31299999,0.76400000,0.45100001,-0.53899997,-0.06900000,0.60699999,-0.56800002,-1.04700005,-0.30899999,0.72700000,0.84100002,0.60699999
0.38800001,0.87900001,0.49000001,-0.63400000,-0.05100000,0.68400002,-0.85699999,-1.31099999,-0.64399999,0.64700001,0.90100002,0.83800000
0.06500000,0.09000000,0.02500000,-0.07700000,0.02000000,0.05700000,-0.48899999,-0.88000000,-0.89200002,-0.32499999,-0.06000000,0.19900000
-0.09300000,-0.14399999,-0.05200000,0.11900000,-0.02000000,-0.09800000,-0.20800000,-0.52499998,-0.68900001,-0.54200000,-0.32400000,-0.13200000
-0.09500000,-0.02000000,0.07400000,0.05700000,-0.08400000,0.02700000,-0.07600000,-0.24400000,-0.19900000,-0.20500000,-0.12800001,-0.10100000
-0.06900000,-0.04300000,0.02600000,0.05600000,-0.04700000,-0.00900000,0.00400000,-0.08100000,-0.08100000,-0.16000000,-0.13000000,-0.11500000
-0.04600000,-0.01000000,0.03600000,0.02800000,-0.04100000,0.01300000,0.01400000,-0.04200000,-0.01800000,-0.10200000,-0.08700000,-0.09700000
-0.06300000,-0.03900000,0.02400000,0.05000000,-0.04300000,-0.00700000,0.03600000,-0.01900000,-0.00400000,-0.10400000,-0.09200000,-0.11400000
-0.06200000,-0.03600000,0.02600000,0.04900000,-0.04400000,-0.00500000,0.02100000,-0.01100000,0.00900000,-0.09400000,-0.07400000,-0.10700000
-0.05500000,-0.03400000,0.02100000,0.04400000,-0.03800000,-0.00600000,0.02200000,-0.00300000,0.02300000,-0.08500000,-0.07200000,-0.10500000
-0.04100000,-0.02100000,0.02000000,0.03100000,-0.03000000,0.00000000,0.01600000,0.00600000,0.02700000,-0.08400000,-0.06500000,-0.09700000
-0.02900000,-0.01800000,0.01100000,0.02300000,-0.02000000,-0.00300000,0.01100000,0.01400000,0.04500000,-0.07200000,-0.05500000,-0.09000000
-0.02900000,-0.01300000,0.01500000,0.02100000,-0.02200000,0.00100000,0.00800000,0.02100000,0.05600000,-0.06900000,-0.05400000,-0.08500000
-0.03700000,-0.00400000,0.03200000,0.02000000,-0.03400000,0.01400000,0.00400000,0.03700000,0.08900000,-0.05100000,-0.04100000,-0.07600000
-0.02300000,-0.00400000,0.01900000,0.01300000,-0.02100000,0.00800000,0.01600000,0.05700000,0.09800000,-0.04300000,-0.03400000,-0.07200000
-0.00500000,0.00900000,0.01300000,-0.00200000,-0.01000000,0.01100000,0.01400000,0.07400000,0.12700000,-0.02700000,-0.01700000,-0.05800000
-0.01100000,0.00600000,0.01700000,0.00200000,-0.01400000,0.01100000,0.00100000,0.09500000,0.16300000,-0.00500000,-0.01300000,-0.03800000
0.01200000,0.03600000,0.02400000,-0.02400000,-0.00600000,0.03000000,-0.00600000,0.13100000,0.20600000,0.03700000,0.01100000,-0.00900000
0.04500000,0.05800000,0.01200000,-0.05200000,0.01600000,0.03500000,-0.02300000,0.16900000,0.25200000,0.07200000,0.03900000,0.01600000
0.05800000,0.06000000,0.00200000,-0.05900000,0.02800000,0.03100000,-0.04800000,0.20299999,0.30100000,0.11700000,0.07300000,0.05000000
0.10700000,0.09900000,-0.00700000,-0.10300000,0.05700000,0.04600000,-0.07600000,0.24600001,0.35800001,0.17600000,0.12500000,0.09700000
0.16200000,0.15099999,-0.01100000,-0.15700001,0.08600000,0.07000000,-0.09800000,0.28099999,0.39899999,0.23199999,0.17299999,0.14200000
0.19400001,0.18099999,-0.01300000,-0.18700001,0.10300000,0.08400000,-0.12100000,0.30300000,0.42600000,0.28000000,0.22000000,0.19000000
0.21799999,0.20200001,-0.01600000,-0.20999999,0.11700000,0.09300000,-0.15300000,0.28999999,0.41299999,0.28299999,0.24600001,0.21200000
0.22499999,0.22200000,-0.00300000,-0.22400001,0.11400000,0.10900000,-0.15000001,0.25600001,0.36899999,0.27100000,0.24400000,0.20600000
0.17299999,0.19200000,0.02000000,-0.18300000,0.07600000,0.10600000,-0.12400000,0.20900001,0.29699999,0.23199999,0.21900000,0.20100001
0.09400000,0.14100000,0.04600000,-0.11800000,0.02400000,0.09300000,-0.09400000,0.13600001,0.19300000,0.13800000,0.16599999,0.16700000
0.04300000,0.09400000,0.05200000,-0.06800000,-0.00500000,0.07300000,-0.06100000,0.06600000,0.11200000,0.05400000,0.09400000,0.11100000
0.00200000,0.04800000,0.04600000,-0.02500000,-0.02200000,0.04700000,-0.03900000,0.00900000,0.05500000,-0.00500000,0.03300000,0.06300000
-0.02000000,0.02400000,0.04400000,-0.00200000,-0.03300000,0.03300000,-0.02500000,-0.03000000,0.00700000,-0.05600000,-0.01100000,0.03100000
-0.03300000,0.00600000,0.03900000,0.01300000,-0.03600000,0.02200000,-0.01600000,-0.05000000,-0.01100000,-0.08600000,-0.04200000,0.01500000
-0.04300000,-0.00700000,0.03600000,0.02500000,-0.03900000,0.01400000,-0.00900000,-0.06000000,-0.01900000,-0.09100000,-0.04700000,0.00800000
-0.04600000,-0.01400000,0.03200000,0.03000000,-0.03900000,0.00900000,-0.00200000,-0.06800000,-0.03100000,-0.09200000,-0.05500000,0.00500000
-0.04800000,-0.01900000,0.02900000,0.03400000,-0.03800000,0.00500000,0.00400000,-0.07400000,-0.03500000,-0.10300000,-0.05800000,0.00200000
-0.04900000,-0.02400000,0.02400000,0.03600000,-0.03600000,0.00000000,0.00600000,-0.07500000,-0.03500000,-0.10600000,-0.05400000,-0.00300000
-0.06000000,-0.03700000,0.02300000,0.04900000,-0.04100000,-0.00700000,0.00900000,-0.07500000,-0.03500000,-0.10400000,-0.05600000,-0.00500000
-0.05600000,-0.04000000,0.01600000,0.04700000,-0.03600000,-0.01200000,0.01200000,-0.07500000,-0.03500000,-0.10500000,-0.05100000,0.00000000
-0.05100000,-0.03400000,0.01700000,0.04200000,-0.03400000,-0.00900000,0.01500000,-0.07400000,-0.03500000,-0.10500000,-0.05000000,0.00000000
-0.06700000,-0.03200000,0.03400000,0.04900000,-0.05000000,0.00100000,0.01500000,-0.07000000,-0.03400000,-0.10400000,-0.04900000,0.00100000
-0.06000000,-0.02700000,0.03300000,0.04400000,-0.04700000,0.00300000,0.01500000,-0.07000000,-0.02900000,-0.09900000,-0.04600000,0.00600000
-0.05300000,-0.02400000,0.02900000,0.03900000,-0.04000000,0.00200000,0.01500000,-0.06800000,-0.02400000,-0.09600000,-0.04300000,0.00400000
-0.04700000,-0.02100000,0.02600000,0.03300000,-0.03600000,0.00200000,0.01500000,-0.06400000,-0.02000000,-0.09300000,-0.04000000,0.00700000
-0.03800000,-0.01600000,0.02100000,0.02700000,-0.02900000,0.00200000,0.01500000,-0.06600000,-0.01500000,-0.08800000,-0.03700000,0.01400000
-0.03200000,-0.01300000,0.01900000,0.02300000,-0.02500000,0.00200000,0.01500000,-0.06100000,-0.01000000,-0.08500000,-0.03500000,0.01900000
-0.02500000,-0.01000000,0.01500000,0.01700000,-0.02000000,0.00200000,0.01200000,-0.06000000,-0.01300000,-0.08900000,-0.03300000,0.02200000
-0.01900000,-0.00400000,0.01500000,0.01100000,-0.01700000,0.00500000,0.00900000,-0.06000000,-0.01800000,-0.09000000,-0.03000000,0.02600000
-0.02700000,-0.01200000,0.01500000,0.01900000,-0.02000000,0.00100000,0.00600000,-0.05500000,-0.02100000,-0.09000000,-0.03000000,0.03000000
-0.03700000,-0.02200000,0.01500000,0.02900000,-0.02600000,-0.00300000,0.00300000,-0.05500000,-0.02400000,-0.09000000,-0.03000000,0.02800000
-0.03300000,-0.01800000,0.01500000,0.02500000,-0.02300000,-0.00100000,0.00000000,-0.05600000,-0.02900000,-0.09000000,-0.03000000,0.02500000
-0.03500000,-0.01500000,0.02000000,0.02500000,-0.02700000,0.00200000,0.00100000,-0.06100000,-0.02900000,-0.08900000,-0.03000000,0.02500000
-0.03900000,-0.01300000,0.02600000,0.02500000,-0.03200000,0.00600000,0.00500000,-0.06400000,-0.02500000,-0.08500000,-0.02500000,0.02500000
-0.03300000,-0.00900000,0.02500000,0.02100000,-0.02900000,0.00700000,0.00700000,-0.06900000,-0.02500000,-0.08500000,-0.02500000,0.02500000
-0.03900000,-0.01400000,0.02500000,0.02600000,-0.03200000,0.00500000,0.01000000,-0.07500000,-0.02200000,-0.08500000,-0.02300000,0.02600000
-0.05700000,-0.03200000,0.02500000,0.04400000,-0.04100000,-0.00400000,0.01300000,-0.07500000,-0.02000000,-0.08500000,-0.02000000,0.02900000
-0.06600000,-0.04100000,0.02500000,0.05300000,-0.04600000,-0.00700000,0.01600000,-0.07500000,-0.01900000,-0.08500000,-0.02000000,0.03000000
-0.06300000,-0.04000000,0.02400000,0.05100000,-0.04300000,-0.00800000,0.01100000,-0.07500000,-0.03100000,-0.08900000,-0.02000000,0.03000000
-0.06000000,-0.04000000,0.02000000,0.05000000,-0.04000000,-0.01000000,0.01000000,-0.07500000,-0.04200000,-0.09000000,-0.01900000,0.03000000
-0.05800000,-0.04000000,0.01800000,0.04900000,-0.03800000,-0.01100000,0.01000000,-0.07500000,-0.03900000,-0.09100000,-0.02100000,0.03000000
-0.05400000,-0.03900000,0.01500000,0.04600000,-0.03400000,-0.01200000,0.00500000,-0.07500000,-0.04300000,-0.09600000,-0.03300000,0.02700000
-0.05500000,-0.04300000,0.01200000,0.04900000,-0.03300000,-0.01500000,0.00500000,-0.07500000,-0.04500000,-0.10000000,-0.03600000,0.02500000
-0.05300000,-0.04400000,0.00900000,0.04900000,-0.03100000,-0.01700000,0.00400000,-0.07500000,-0.04500000,-0.10500000,-0.03400000,0.02500000
-0.05500000,-0.04700000,0.00700000,0.05100000,-0.03000000,-0.02000000,0.00000000,-0.07500000,-0.04200000,-0.10100000,-0.03500000,0.02100000
-0.06000000,-0.05800000,0.00200000,0.05900000,-0.03100000,-0.02800000,0.00000000,-0.07500000,-0.03900000,-0.09900000,-0.03500000,0.01900000
-0.05400000,-0.05300000,0.00100000,0.05300000,-0.02700000,-0.02600000,0.00000000,-0.07400000,-0.04100000,-0.10000000,-0.03500000,0.02100000
-0.05600000,-0.04500000,0.01000000,0.05000000,-0.03300000,-0.01700000,0.00000000,-0.07000000,-0.03900000,-0.09500000,-0.03500000,0.02400000
-0.05200000,-0.03900000,0.01300000,0.04500000,-0.03200000,-0.01300000,0.00000000,-0.07000000,-0.04100000,-0.09500000,-0.03500000,0.02500000
-0.04100000,-0.03500000,0.00700000,0.03800000,-0.02400000,-0.01400000,0.00300000,-0.06700000,-0.03800000,-0.09400000,-0.03500000,0.02500000
-0.04000000,-0.03500000,0.00500000,0.03700000,-0.02200000,-0.01500000,0.00600000,-0.06500000,-0.03500000,-0.09000000,-0.03500000,0.02500000
-0.03600000,-0.03600000,0.00000000,0.03600000,-0.01800000,-0.01700000,0.00400000,-0.06500000,-0.03500000,-0.09000000,-0.03500000,0.02400000
-0.03000000,-0.03300000,-0.00400000,0.03200000,-0.01300000,-0.01800000,0.00700000,-0.06900000,-0.03500000,-0.09000000,-0.03200000,0.02800000
-0.03800000,-0.04300000,-0.00500000,0.04100000,-0.01600000,-0.02400000,0.00600000,-0.07000000,-0.03500000,-0.09000000,-0.02900000,0.03000000
-0.04800000,-0.06500000,-0.01700000,0.05700000,-0.01500000,-0.04100000,0.00500000,-0.07000000,-0.03500000,-0.09000000,-0.03000000,0.03000000
-0.04500000,-0.06400000,-0.01900000,0.05400000,-0.01200000,-0.04100000,0.00500000,-0.07400000,-0.03900000,-0.09000000,-0.02600000,0.03500000
-0.04800000,-0.06000000,-0.01100000,0.05400000,-0.01800000,-0.03500000,0.00100000,-0.07500000,-0.04000000,-0.09000000,-0.02500000,0.04300000
-0.04800000,-0.05700000,-0.00900000,0.05200000,-0.01900000,-0.03300000,-0.00100000,-0.07400000,-0.04000000,-0.09000000,-0.02500000,0.04500000
-0.05100000,-0.05400000,-0.00400000,0.05300000,-0.02300000,-0.02900000,0.00100000,-0.06900000,-0.04000000,-0.09000000,-0.02000000,0.04500000
-0.05600000,-0.05600000,0.00100000,0.05600000,-0.02800000,-0.02700000,0.00700000,-0.07100000,-0.04000000,-0.09000000,-0.02000000,0.04500000
-0.04600000,-0.05400000,-0.00800000,0.05100000,-0.01900000,-0.03100000,0.01500000,-0.06700000,-0.03900000,-0.08900000,-0.02000000,0.04500000
-0.04000000,-0.05600000,-0.01500000,0.04800000,-0.01200000,-0.03500000,0.02000000,-0.06500000,-0.03400000,-0.08200000,-0.02000000,0.04400000
-0.03400000,-0.05400000,-0.02000000,0.04400000,-0.00700000,-0.03700000,0.02800000,-0.06600000,-0.03000000,-0.07800000,-0.02000000,0.04100000
-0.05100000,-0.05700000,-0.00600000,0.05400000,-0.02200000,-0.03100000,0.03400000,-0.05800000,-0.02500000,-0.07300000,-0.01800000,0.03900000
-0.03500000,-0.04100000,-0.00600000,0.03800000,-0.01400000,-0.02300000,0.03100000,-0.04500000,-0.02100000,-0.06600000,-0.00800000,0.04200000
0.00700000,0.00000000,-0.00700000,-0.00300000,0.00700000,-0.00400000,0.02000000,-0.03500000,-0.00800000,-0.06100000,0.00300000,0.06300000
0.00500000,0.02900000,0.02400000,-0.01800000,-0.01000000,0.02700000,0.01000000,-0.03500000,0.01300000,-0.05900000,0.01200000,0.07800000
0.04000000,0.02800000,-0.01100000,-0.03400000,0.02500000,0.00800000,-0.00100000,-0.00600000,0.04900000,-0.06100000,0.02800000,0.08400000
0.06700000,0.02100000,-0.04600000,-0.04400000,0.05600000,-0.01300000,-0.02600000,-0.02300000,0.04600000,-0.05800000,0.02900000,0.08900000
0.04600000,0.01100000,-0.03500000,-0.02900000,0.04100000,-0.01200000,-0.03700000,-0.07300000,-0.01000000,-0.06400000,0.01700000,0.08000000
0.01300000,-0.02400000,-0.03800000,0.00600000,0.02600000,-0.03100000,-0.02900000,-0.05600000,-0.02400000,-0.07300000,0.00800000,0.07400000
-0.01600000,-0.04400000,-0.02800000,0.03000000,0.00700000,-0.03600000,-0.02500000,-0.07300000,-0.03100000,-0.08000000,-0.00200000,0.06600000
-0.01600000,-0.05300000,-0.03600000,0.03400000,0.01000000,-0.04400000,-0.01800000,-0.08600000,-0.04600000,-0.09000000,-0.00900000,0.05800000
-0.00900000,-0.06100000,-0.05100000,0.03500000,0.02100000,-0.05600000,-0.01500000,-0.08300000,-0.04300000,-0.09000000,-0.01500000,0.05300000
-0.03400000,-0.06900000,-0.03500000,0.05200000,0.00100000,-0.05100000,-0.01300000,-0.09200000,-0.05400000,-0.09700000,-0.02300000,0.04700000
-0.06400000,-0.08000000,-0.01600000,0.07200000,-0.02400000,-0.04700000,-0.00900000,-0.08500000,-0.05200000,-0.09300000,-0.02800000,0.04700000
-0.06700000,-0.08300000,-0.01600000,0.07500000,-0.02600000,-0.04900000,-0.00700000,-0.09900000,-0.06000000,-0.09700000,-0.03600000,0.04000000
-0.08400000,-0.07600000,0.00800000,0.08000000,-0.04600000,-0.03300000,-0.00400000,-0.08600000,-0.05000000,-0.08900000,-0.02900000,0.03900000
-0.06300000,-0.08500000,-0.02100000,0.07400000,-0.02100000,-0.05300000,-0.00300000,-0.10700000,-0.06300000,-0.09200000,-0.02900000,0.03300000
-0.04100000,-0.07600000,-0.03500000,0.05900000,-0.00300000,-0.05500000,0.00400000,-0.06800000,-0.04300000,-0.08900000,-0.02600000,0.02900000
-0.05300000,-0.07600000,-0.02300000,0.06500000,-0.01500000,-0.04900000,0.00600000,-0.10400000,-0.04200000,-0.08200000,-0.01900000,0.01900000
-0.04100000,-0.06000000,-0.01900000,0.05100000,-0.01100000,-0.04000000,0.06400000,0.02000000,0.04500000,-0.06600000,-0.02900000,0.00100000
-0.03700000,0.01600000,0.05300000,0.01000000,-0.04500000,0.03400000,0.11900000,0.17800000,0.32499999,0.10400000,0.03800000,0.04500000
0.19400001,0.42899999,0.23500000,-0.31099999,-0.02100000,0.33100000,-0.27500001,-0.67199999,0.02200000,0.51400000,0.53299999,0.45400000
0.48300001,0.96399999,0.48100001,-0.72399998,0.00100000,0.72200000,-0.85100001,-1.45099998,-0.42600000,0.87400001,1.10099995,1.03900003
0.30199999,0.46799999,0.16599999,-0.38499999,0.06800000,0.31700000,-0.74800003,-1.17499995,-0.66900003,0.23500000,0.51400000,0.73100001
0.00200000,-0.16700000,-0.16900000,0.08300000,0.08500000,-0.16700000,-0.33300000,-0.72200000,-0.80500001,-0.50300002,-0.23800001,0.11800000
-0.08200000,-0.08400000,-0.00200000,0.08300000,-0.03900000,-0.04300000,-0.14100000,-0.36800000,-0.36000001,-0.27900001,-0.12600000,0.08500000
-0.06400000,-0.06900000,-0.00400000,0.06600000,-0.02900000,-0.03600000,-0.03200000,-0.11400000,-0.07200000,-0.12500000,-0.05700000,0.08000000
-0.03100000,-0.06800000,-0.03800000,0.05000000,0.00400000,-0.05300000,0.00900000,-0.03600000,-0.03500000,-0.11300000,-0.04800000,0.07000000
-0.03600000,-0.06700000,-0.03100000,0.05200000,-0.00300000,-0.04800000,0.02500000,-0.00700000,0.02100000,-0.06500000,-0.02600000,0.07600000
-0.03100000,-0.07100000,-0.04000000,0.05100000,0.00500000,-0.05500000,0.04200000,0.01800000,0.01200000,-0.08000000,-0.03600000,0.05900000
-0.02800000,-0.05700000,-0.02900000,0.04300000,0.00100000,-0.04300000,0.04500000,0.03300000,0.04800000,-0.05400000,-0.01300000,0.07500000
-0.00700000,-0.06400000,-0.05700000,0.03600000,0.02500000,-0.06000000,0.04200000,0.03100000,0.04500000,-0.06000000,-0.02000000,0.07500000
0.00200000,-0.05100000,-0.05300000,0.02500000,0.02800000,-0.05200000,0.03800000,0.03300000,0.06300000,-0.04400000,-0.00300000,0.08300000
0.00100000,-0.05500000,-0.05600000,0.02700000,0.02900000,-0.05500000,0.03700000,0.04300000,0.06800000,-0.03900000,-0.00500000,0.07800000
0.00300000,-0.04700000,-0.05000000,0.02200000,0.02700000,-0.04800000,0.03400000,0.06400000,0.08900000,-0.02700000,0.00300000,0.08100000
0.00400000,-0.04600000,-0.05000000,0.02100000,0.02700000,-0.04700000,0.03100000,0.08200000,0.11400000,-0.01700000,0.00900000,0.08000000
0.00900000,-0.04200000,-0.05100000,0.01700000,0.03000000,-0.04600000,0.02500000,0.09500000,0.12100000,-0.00400000,0.01200000,0.07800000
-0.00800000,-0.03800000,-0.03000000,0.02300000,0.01100000,-0.03400000,0.02200000,0.12100000,0.16000000,0.01900000,0.02400000,0.09500000
0.02500000,-0.02400000,-0.04900000,0.00000000,0.03700000,-0.03600000,0.01600000,0.15500000,0.19499999,0.03700000,0.04000000,0.11300000
0.05400000,0.00200000,-0.05200000,-0.02700000,0.05300000,-0.02500000,0.01200000,0.19400001,0.23500000,0.07000000,0.06400000,0.12300000
0.07100000,0.02400000,-0.04700000,-0.04700000,0.05900000,-0.01100000,-0.00900000,0.23400000,0.28099999,0.11300000,0.09400000,0.14200000
0.12300000,0.04900000,-0.07400000,-0.08500000,0.09800000,-0.01200000,-0.04900000,0.28200001,0.33100000,0.16500001,0.13500001,0.17200001
0.15800001,0.08800000,-0.07000000,-0.12300000,0.11400000,0.00900000,-0.07300000,0.32499999,0.37599999,0.22100000,0.18600000,0.21799999
0.19100000,0.12899999,-0.06200000,-0.16000000,0.12600000,0.03300000,-0.10100000,0.34099999,0.39600000,0.26800001,0.23000000,0.26199999
0.22600000,0.16900000,-0.05600000,-0.19700000,0.14100000,0.05600000,-0.13699999,0.34099999,0.39300001,0.29800001,0.27100000,0.29300001
0.23199999,0.18400000,-0.04800000,-0.20800000,0.14000000,0.06800000,-0.14600000,0.33600000,0.38699999,0.30899999,0.30199999,0.31700000
0.21799999,0.17399999,-0.04400000,-0.19599999,0.13100000,0.06500000,-0.13800000,0.29200000,0.33600000,0.28400001,0.28900000,0.31400001
0.18799999,0.14900000,-0.03800000,-0.16800000,0.11300000,0.05500000,-0.12300000,0.21400000,0.24100000,0.21699999,0.24500000,0.28000000
0.13000000,0.09600000,-0.03400000,-0.11200000,0.08200000,0.03100000,-0.09200000,0.13699999,0.15800001,0.13600001,0.18200000,0.23199999
0.06900000,0.04000000,-0.02900000,-0.05400000,0.04900000,0.00500000,-0.04900000,0.07500000,0.09400000,0.06300000,0.11700000,0.18300000
0.02500000,-0.00100000,-0.02600000,-0.01200000,0.02500000,-0.01300000,-0.01400000,0.02700000,0.05300000,0.00400000,0.06400000,0.13900000
-0.00500000,-0.02400000,-0.01900000,0.01400000,0.00800000,-0.02100000,-0.00200000,-0.01500000,0.02800000,-0.02500000,0.02900000,0.10500000
-0.01400000,-0.04600000,-0.03300000,0.03000000,0.01000000,-0.03900000,0.00000000,-0.02800000,0.01700000,-0.03500000,0.01900000,0.09500000
-0.01800000,-0.05300000,-0.03500000,0.03600000,0.00900000,-0.04400000,0.00600000,-0.03400000,0.01300000,-0.04500000,0.01300000,0.09200000
-0.02200000,-0.05800000,-0.03600000,0.04100000,0.00800000,-0.04700000,0.00800000,-0.03600000,0.00600000,-0.05100000,0.00500000,0.08500000
-0.00900000,-0.06700000,-0.05800000,0.03800000,0.02500000,-0.06200000,0.02200000,-0.03200000,0.00100000,-0.05400000,-0.00300000,0.08000000
-0.00200000,-0.06300000,-0.06100000,0.03300000,0.03000000,-0.06100000,0.03200000,-0.04500000,-0.00400000,-0.05900000,-0.00900000,0.07500000
-0.00700000,-0.06700000,-0.06000000,0.03700000,0.02700000,-0.06300000,0.02600000,-0.05200000,-0.00800000,-0.06600000,-0.00600000,0.08000000
-0.00300000,-0.06300000,-0.06000000,0.03300000,0.02900000,-0.06100000,0.02200000,-0.04900000,-0.01100000,-0.06900000,-0.00500000,0.08000000
-0.00300000,-0.06300000,-0.06000000,0.03300000,0.02900000,-0.06100000,0.01800000,-0.04700000,-0.01400000,-0.06400000,-0.00400000,0.08300000
-0.01600000,-0.07500000,-0.05900000,0.04600000,0.02200000,-0.06700000,0.01200000,-0.04500000,-0.01900000,-0.05900000,0.00000000,0.10200000
-0.01900000,-0.07200000,-0.05300000,0.04600000,0.01700000,-0.06200000,0.01100000,-0.04500000,-0.01900000,-0.05500000,0.00000000,0.10600000
-0.02300000,-0.06800000,-0.04500000,0.04600000,0.01100000,-0.05600000,0.01500000,-0.04100000,-0.01400000,-0.05000000,-0.00200000,0.10100000
-0.02500000,-0.06500000,-0.04000000,0.04500000,0.00800000,-0.05200000,0.01500000,-0.03600000,-0.01100000,-0.04600000,-0.00700000,0.10000000
-0.02800000,-0.06000000,-0.03200000,0.04500000,0.00200000,-0.04600000,0.01400000,-0.03400000,-0.00800000,-0.04100000,-0.01000000,0.09500000
-0.03200000,-0.05800000,-0.02600000,0.04500000,-0.00300000,-0.04200000,0.01600000,-0.02900000,-0.00300000,-0.04000000,-0.01300000,0.09500000
-0.01100000,-0.05500000,-0.04400000,0.03300000,0.01700000,-0.04900000,0.01300000,-0.02600000,0.00000000,-0.04000000,-0.01800000,0.10000000
-0.00400000,-0.05500000,-0.05100000,0.03000000,0.02400000,-0.05300000,0.02000000,-0.02700000,-0.00400000,-0.04000000,-0.02000000,0.10000000
-0.01200000,-0.05500000,-0.04300000,0.03400000,0.01600000,-0.04900000,0.03100000,-0.03100000,-0.00600000,-0.04000000,-0.01500000,0.10000000
-0.01200000,-0.05500000,-0.04300000,0.03300000,0.01600000,-0.04800000,0.03000000,-0.03300000,-0.00500000,-0.04100000,-0.01500000,0.10000000
-0.01900000,-0.05600000,-0.03600000,0.03800000,0.00900000,-0.04600000,0.02900000,-0.03600000,-0.01000000,-0.04600000,-0.01400000,0.10000000
-0.02300000,-0.05900000,-0.03600000,0.04200000,0.00600000,-0.04700000,0.02500000,-0.04000000,-0.01000000,-0.04900000,-0.01000000,0.10000000
-0.02300000,-0.06300000,-0.04000000,0.04300000,0.00800000,-0.05100000,0.02500000,-0.03800000,-0.01100000,-0.05500000,-0.01000000,0.10000000
-0.02600000,-0.06600000,-0.04000000,0.04600000,0.00800000,-0.05200000,0.02300000,-0.05100000,-0.02700000,-0.06600000,-0.01200000,0.10000000
-0.02900000,-0.06900000,-0.04000000,0.04900000,0.00600000,-0.05500000,0.01900000,-0.06700000,-0.03600000,-0.07000000,-0.01500000,0.10000000
-0.03300000,-0.07300000,-0.03900000,0.05300000,0.00300000,-0.05600000,0.02000000,-0.06400000,-0.03700000,-0.07200000,-0.01500000,0.10000000
-0.03400000,-0.07500000,-0.04100000,0.05500000,0.00400000,-0.05700000,0.01600000,-0.06500000,-0.04100000,-0.07500000,-0.01500000,0.09900000
-0.03600000,-0.07500000,-0.03900000,0.05600000,0.00200000,-0.05700000,0.01500000,-0.06500000,-0.04300000,-0.07800000,-0.01500000,0.09500000
-0.03200000,-0.07400000,-0.04200000,0.05300000,0.00600000,-0.05800000,0.01500000,-0.06500000,-0.04600000,-0.08100000,-0.01500000,0.09100000
-0.02300000,-0.07700000,-0.05400000,0.05000000,0.01600000,-0.06500000,0.01500000,-0.06200000,-0.04100000,-0.07600000,-0.02100000,0.08900000
-0.01500000,-0.07100000,-0.05600000,0.04400000,0.02100000,-0.06400000,0.01500000,-0.05900000,-0.04000000,-0.07500000,-0.02300000,0.08400000
-0.02500000,-0.07900000,-0.05300000,0.05200000,0.01400000,-0.06600000,0.01500000,-0.06100000,-0.04000000,-0.07500000,-0.01900000,0.08000000
-0.04000000,-0.09100000,-0.05200000,0.06600000,0.00600000,-0.07200000,0.01500000,-0.05900000,-0.04000000,-0.07000000,-0.02000000,0.08000000
-0.03700000,-0.08500000,-0.04800000,0.06100000,0.00600000,-0.06600000,0.01600000,-0.06100000,-0.04000000,-0.07000000,-0.01600000,0.08000000
-0.03000000,-0.08300000,-0.05200000,0.05700000,0.01100000,-0.06700000,0.01200000,-0.05800000,-0.04100000,-0.06900000,-0.01500000,0.08000000
-0.01700000,-0.07900000,-0.06200000,0.04800000,0.02300000,-0.07000000,0.01000000,-0.05500000,-0.04500000,-0.06100000,-0.01500000,0.08000000
-0.01500000,-0.07400000,-0.05900000,0.04500000,0.02300000,-0.06700000,0.01000000,-0.05500000,-0.04500000,-0.06700000,-0.01500000,0.08000000
-0.03100000,-0.07900000,-0.04900000,0.05500000,0.00900000,-0.06400000,0.00700000,-0.05500000,-0.04500000,-0.07100000,-0.01500000,0.08000000
-0.03100000,-0.08000000,-0.04900000,0.05600000,0.00900000,-0.06400000,0.00400000,-0.05500000,-0.04500000,-0.07000000,-0.01500000,0.08500000
-0.01600000,-0.08000000,-0.06400000,0.04900000,0.02400000,-0.07200000,0.00500000,-0.05500000,-0.04500000,-0.06900000,-0.01500000,0.08500000
-0.01900000,-0.07900000,-0.06100000,0.04900000,0.02100000,-0.07000000,0.01100000,-0.05900000,-0.04900000,-0.06500000,-0.01500000,0.08600000
-0.02700000,-0.08100000,-0.05300000,0.05400000,0.01300000,-0.06700000,0.01600000,-0.06000000,-0.05000000,-0.06500000,-0.01800000,0.09000000
-0.02900000,-0.07800000,-0.04900000,0.05400000,0.01000000,-0.06400000,0.02300000,-0.06200000,-0.05000000,-0.06800000,-0.02000000,0.08900000
-0.03100000,-0.07500000,-0.04400000,0.05300000,0.00700000,-0.05900000,0.02300000,-0.06500000,-0.05000000,-0.07000000,-0.02000000,0.09200000
-0.02500000,-0.07500000,-0.05100000,0.05000000,0.01400000,-0.06300000,0.01900000,-0.06500000,-0.04900000,-0.07000000,-0.02000000,0.09500000
-0.03100000,-0.07200000,-0.04100000,0.05200000,0.00600000,-0.05700000,0.02000000,-0.06500000,-0.05100000,-0.07000000,-0.02000000,0.09500000
-0.02700000,-0.07000000,-0.04300000,0.04900000,0.00800000,-0.05600000,0.02000000,-0.06500000,-0.05500000,-0.07000000,-0.02100000,0.09500000
-0.00800000,-0.06900000,-0.06100000,0.03800000,0.02700000,-0.06400000,0.02000000,-0.06500000,-0.05500000,-0.06900000,-0.02400000,0.09400000
-0.03600000,-0.07900000,-0.04300000,0.05800000,0.00400000,-0.06100000,0.02000000,-0.06500000,-0.05500000,-0.06600000,-0.02600000,0.09600000
-0.06000000,-0.08400000,-0.02400000,0.07200000,-0.01700000,-0.05400000,0.02400000,-0.06500000,-0.05500000,-0.06500000,-0.02400000,0.09900000
-0.03700000,-0.07500000,-0.03800000,0.05600000,0.00000000,-0.05600000,0.02700000,-0.06200000,-0.05500000,-0.06500000,-0.02600000,0.10100000
-0.00900000,-0.07000000,-0.06000000,0.03900000,0.02600000,-0.06500000,0.03100000,-0.05600000,-0.05000000,-0.06400000,-0.02400000,0.09900000
-0.00500000,-0.06200000,-0.05700000,0.03400000,0.02600000,-0.05900000,0.03400000,-0.05200000,-0.04000000,-0.06600000,-0.02800000,0.10000000
-0.00700000,-0.05700000,-0.05100000,0.03200000,0.02200000,-0.05400000,0.03800000,-0.04900000,-0.03300000,-0.06100000,-0.03600000,0.09900000
0.00800000,-0.04300000,-0.05100000,0.01700000,0.03000000,-0.04700000,0.04700000,-0.03900000,-0.02200000,-0.05000000,-0.01800000,0.09900000
-0.00400000,-0.01400000,-0.00900000,0.00900000,0.00300000,-0.01200000,0.04400000,-0.03000000,-0.00400000,-0.03700000,-0.00100000,0.11200000
0.02700000,0.00300000,-0.02400000,-0.01400000,0.02500000,-0.01000000,0.03200000,-0.00100000,0.02300000,-0.02900000,0.01200000,0.12800001
0.07400000,-0.00400000,-0.07800000,-0.03500000,0.07600000,-0.04100000,0.02300000,0.00300000,0.02200000,-0.01500000,0.02300000,0.13800000
0.05700000,-0.01700000,-0.07300000,-0.02000000,0.06600000,-0.04500000,0.01900000,-0.04800000,-0.01900000,-0.01700000,0.01600000,0.13500001
0.01800000,-0.05300000,-0.07000000,0.01700000,0.04400000,-0.06100000,0.02000000,-0.06900000,-0.04000000,-0.04900000,0.00800000,0.12600000
-0.01200000,-0.08100000,-0.07000000,0.04700000,0.02900000,-0.07500000,0.02000000,-0.07900000,-0.05000000,-0.06200000,0.00000000,0.11700000
-0.02000000,-0.08300000,-0.06400000,0.05200000,0.02200000,-0.07300000,0.02000000,-0.07600000,-0.06200000,-0.05900000,-0.00800000,0.10900000
-0.03100000,-0.09600000,-0.06500000,0.06400000,0.01700000,-0.08100000,0.02100000,-0.08400000,-0.06900000,-0.05900000,-0.01400000,0.10400000
-0.04700000,-0.10400000,-0.05600000,0.07600000,0.00500000,-0.08000000,0.02400000,-0.08300000,-0.07300000,-0.06600000,-0.02600000,0.09800000
-0.05000000,-0.11500000,-0.06500000,0.08300000,0.00800000,-0.08900000,0.02700000,-0.08700000,-0.07500000,-0.07000000,-0.03200000,0.09500000
-0.03600000,-0.12800001,-0.09100000,0.08200000,0.02800000,-0.10900000,0.03000000,-0.10200000,-0.09300000,-0.06700000,-0.03000000,0.08800000
-0.04600000,-0.13300000,-0.08700000,0.08900000,0.02000000,-0.11000000,0.03200000,-0.08400000,-0.07500000,-0.05700000,-0.01800000,0.08700000
-0.05500000,-0.14700000,-0.09200000,0.10100000,0.01900000,-0.12000000,0.03900000,-0.09500000,-0.07600000,-0.06000000,-0.01800000,0.07900000
-0.05400000,-0.13300000,-0.07900000,0.09400000,0.01300000,-0.10500000,0.04500000,-0.05100000,-0.05700000,-0.04800000,-0.00400000,0.07700000
-0.05700000,-0.14600000,-0.08900000,0.10200000,0.01600000,-0.11700000,0.04700000,-0.07400000,-0.05800000,-0.04600000,-0.00200000,0.06900000
-0.06400000,-0.13900000,-0.07500000,0.10200000,0.00500000,-0.10700000,0.13000000,0.15800001,0.13500001,0.00700000,0.00300000,0.05500000
-0.01000000,-0.01200000,-0.00200000,0.01100000,-0.00400000,-0.00700000,0.11500000,0.10200000,0.33399999,0.22000000,0.15300000,0.14900000
0.30000001,0.50900000,0.20900001,-0.40500000,0.04600000,0.35900000,-0.40400001,-0.99699998,-0.11200000,0.63700002,0.73100001,0.67600000
0.49500000,0.83399999,0.33899999,-0.66399997,0.07800000,0.58600003,-0.84500003,-1.55200005,-0.50099999,0.77899998,1.04200006,1.09800005
0.19800000,0.14100000,-0.05700000,-0.16900000,0.12700000,0.04200000,-0.58999997,-1.11699998,-0.72700000,-0.00500000,0.25200000,0.55599999
-0.06100000,-0.27000001,-0.20900001,0.16599999,0.07500000,-0.23999999,-0.22499999,-0.65799999,-0.71600002,-0.46500000,-0.23600000,0.08000000
-0.06400000,-0.13300000,-0.06900000,0.09900000,0.00300000,-0.10100000,-0.05000000,-0.27000001,-0.23999999,-0.15700001,-0.05700000,0.11600000
-0.06600000,-0.17100000,-0.10500000,0.11900000,0.02000000,-0.13699999,0.03200000,-0.06300000,-0.07000000,-0.08000000,-0.04900000,0.09100000
-0.06300000,-0.15200000,-0.08900000,0.10800000,0.01300000,-0.12000000,0.05900000,-0.00900000,-0.03000000,-0.05400000,-0.01900000,0.10400000
-0.06100000,-0.15800001,-0.09700000,0.11000000,0.01800000,-0.12700000,0.09400000,0.01800000,0.01800000,-0.03100000,-0.01000000,0.09900000
-0.05400000,-0.15000001,-0.09600000,0.10300000,0.02100000,-0.12300000,0.09400000,0.02300000,0.01700000,-0.03600000,-0.00300000,0.09800000
-0.02900000,-0.14300001,-0.11400000,0.08600000,0.04300000,-0.12800001,0.09500000,0.04500000,0.04600000,-0.01800000,0.01100000,0.10900000
-0.02100000,-0.14500000,-0.12400000,0.08300000,0.05200000,-0.13500001,0.09500000,0.05900000,0.03900000,-0.02400000,0.01100000,0.10900000
-0.01600000,-0.13200000,-0.11600000,0.07400000,0.05000000,-0.12400000,0.09400000,0.07300000,0.05800000,-0.00900000,0.02700000,0.11900000
-0.01100000,-0.13900000,-0.12800001,0.07600000,0.05900000,-0.13400000,0.09600000,0.08800000,0.06700000,-0.00400000,0.02500000,0.11200000
-0.00900000,-0.13100000,-0.12200000,0.07100000,0.05700000,-0.12700000,0.09000000,0.10200000,0.08600000,0.01600000,0.03300000,0.11800000
-0.00400000,-0.13100000,-0.12700000,0.06800000,0.06100000,-0.12800001,0.08400000,0.11700000,0.10500000,0.02400000,0.02900000,0.12100000
0.00000000,-0.12400000,-0.12400000,0.06300000,0.06200000,-0.12400000,0.07700000,0.13600001,0.11800000,0.03700000,0.04000000,0.12700000
0.00500000,-0.12100000,-0.12600000,0.05900000,0.06500000,-0.12300000,0.07100000,0.15800001,0.14800000,0.05700000,0.06200000,0.13300000
0.01500000,-0.11000000,-0.12400000,0.04800000,0.07000000,-0.11700000,0.06400000,0.18700001,0.18099999,0.07600000,0.07500000,0.14500000
0.04100000,-0.08500000,-0.12600000,0.02200000,0.08400000,-0.10500000,0.05800000,0.22600000,0.21699999,0.10400000,0.08600000,0.17000000
0.07700000,-0.06300000,-0.14100000,-0.00700000,0.10900000,-0.10200000,0.04400000,0.26899999,0.25900000,0.15099999,0.11900000,0.19300000
0.10600000,-0.03500000,-0.14100000,-0.03500000,0.12400000,-0.08800000,0.01700000,0.32100001,0.30500001,0.20299999,0.16300000,0.22700000
0.14200000,0.00300000,-0.13900000,-0.07200000,0.14000000,-0.06800000,-0.01200000,0.36100000,0.34900001,0.25000000,0.20600000,0.27500001
0.18000001,0.04000000,-0.14000000,-0.11000000,0.16000000,-0.05000000,-0.04000000,0.36399999,0.35600001,0.29800001,0.26199999,0.31600001
0.20900001,0.07000000,-0.13900000,-0.13900000,0.17399999,-0.03500000,-0.06500000,0.35800001,0.34999999,0.32200000,0.29499999,0.34900001
0.22900000,0.08800000,-0.14100000,-0.15899999,0.18400000,-0.02600000,-0.06500000,0.34599999,0.34099999,0.31700000,0.29699999,0.36300001
0.21500000,0.07700000,-0.13699999,-0.14600000,0.17600000,-0.03000000,-0.05000000,0.29300001,0.28500000,0.28099999,0.29200000,0.35499999
0.16000000,0.03300000,-0.12800001,-0.09600000,0.14399999,-0.04700000,-0.03300000,0.22499999,0.20400000,0.22700000,0.24400000,0.32300001
0.10700000,-0.01100000,-0.11800000,-0.04800000,0.11200000,-0.06400000,0.00300000,0.15899999,0.13699999,0.16300000,0.17600000,0.26699999
0.06200000,-0.05800000,-0.12000000,-0.00200000,0.09100000,-0.08900000,0.04100000,0.10000000,0.08800000,0.09400000,0.11900000,0.20500000
0.01000000,-0.11000000,-0.12000000,0.05000000,0.06500000,-0.11500000,0.07200000,0.05700000,0.05800000,0.04500000,0.06500000,0.16100000
-0.01200000,-0.13300000,-0.12000000,0.07200000,0.05400000,-0.12600000,0.09100000,0.02800000,0.04300000,0.01700000,0.03600000,0.14200000
-0.03600000,-0.15600000,-0.11900000,0.09600000,0.04200000,-0.13699999,0.09900000,0.01900000,0.03000000,0.00200000,0.03000000,0.13200000
-0.05100000,-0.17299999,-0.12100000,0.11200000,0.03500000,-0.14700000,0.10000000,0.01700000,0.02300000,-0.00300000,0.02500000,0.11900000
-0.02600000,-0.16800000,-0.14200000,0.09800000,0.05800000,-0.15500000,0.10000000,0.01300000,0.01900000,-0.00900000,0.01900000,0.11100000
-0.03100000,-0.17700000,-0.14600000,0.10500000,0.05700000,-0.16100000,0.10000000,0.01100000,0.01400000,-0.01400000,0.01400000,0.11000000
-0.04700000,-0.19100000,-0.14500000,0.12000000,0.04900000,-0.16800000,0.10000000,0.00600000,0.01000000,-0.02100000,0.00900000,0.11000000
-0.04600000,-0.19599999,-0.15000001,0.12100000,0.05300000,-0.17200001,0.10000000,0.00000000,0.00500000,-0.02400000,0.00500000,0.11000000
-0.04500000,-0.19499999,-0.15000001,0.12000000,0.05300000,-0.17200001,0.10200000,-0.00500000,0.00900000,-0.02100000,0.00500000,0.10900000
-0.04200000,-0.19100000,-0.14900000,0.11700000,0.05300000,-0.17000000,0.10500000,-0.01000000,0.01000000,-0.01800000,0.00300000,0.11100000
-0.04500000,-0.19000000,-0.14399999,0.11800000,0.05000000,-0.16700000,0.10800000,-0.01700000,0.01000000,-0.01500000,-0.00100000,0.11500000
-0.04400000,-0.18900000,-0.14500000,0.11700000,0.05100000,-0.16700000,0.11100000,-0.01900000,0.01500000,-0.01300000,0.00000000,0.11500000
-0.04300000,-0.18600000,-0.14200000,0.11500000,0.05000000,-0.16400000,0.11400000,-0.01300000,0.01400000,-0.00800000,0.00000000,0.11500000
-0.04400000,-0.18300000,-0.13900000,0.11300000,0.04800000,-0.16100000,0.11500000,-0.00800000,0.01600000,-0.01800000,0.00000000,0.11500000
-0.04000000,-0.18000001,-0.14000000,0.11000000,0.05000000,-0.16000000,0.11600000,-0.00300000,0.02000000,-0.02600000,0.00000000,0.11500000
-0.04100000,-0.17700000,-0.13600001,0.10900000,0.04800000,-0.15700001,0.12000000,0.00400000,0.02200000,-0.01700000,0.00000000,0.11100000
-0.04400000,-0.17500000,-0.13100000,0.11000000,0.04400000,-0.15300000,0.12000000,0.00900000,0.02600000,-0.01100000,0.00000000,0.10900000
-0.04600000,-0.17200001,-0.12700000,0.10900000,0.04100000,-0.14900000,0.11800000,0.00600000,0.02100000,-0.00400000,-0.00200000,0.11000000
-0.04800000,-0.17000000,-0.12200000,0.10900000,0.03700000,-0.14600000,0.11300000,0.00500000,0.02000000,0.00300000,-0.00500000,0.11000000
-0.04900000,-0.16599999,-0.11800000,0.10800000,0.03500000,-0.14200000,0.11000000,0.00500000,0.02000000,0.00300000,-0.00800000,0.11000000
-0.05000000,-0.16400000,-0.11400000,0.10800000,0.03200000,-0.13900000,0.10700000,0.00000000,0.01500000,-0.00200000,-0.01000000,0.11100000
-0.04500000,-0.16000000,-0.11600000,0.10300000,0.03500000,-0.13699999,0.10200000,0.00000000,0.01500000,-0.00500000,-0.01400000,0.11600000
-0.04500000,-0.16000000,-0.11500000,0.10300000,0.03500000,-0.13699999,0.09900000,-0.00100000,0.01400000,-0.00800000,-0.01500000,0.12000000
-0.05400000,-0.16800000,-0.11400000,0.11100000,0.03000000,-0.14100000,0.09600000,-0.00500000,0.01000000,-0.01300000,-0.01800000,0.11700000
-0.03600000,-0.17100000,-0.13400000,0.10400000,0.04900000,-0.15200000,0.09300000,-0.00700000,0.00800000,-0.01500000,-0.02100000,0.11400000
-0.03100000,-0.16900000,-0.13800000,0.10000000,0.05300000,-0.15300000,0.09000000,-0.01100000,0.00500000,-0.01500000,-0.02000000,0.11500000
-0.04300000,-0.17100000,-0.12800001,0.10700000,0.04300000,-0.14900000,0.08700000,-0.01300000,0.00100000,-0.01500000,-0.02000000,0.11500000
-0.04600000,-0.16900000,-0.12300000,0.10800000,0.03800000,-0.14600000,0.08500000,-0.01600000,0.00000000,-0.01500000,-0.02000000,0.11500000
-0.05600000,-0.17200001,-0.11600000,0.11400000,0.03000000,-0.14399999,0.08200000,-0.01500000,-0.00400000,-0.01500000,-0.02100000,0.11400000
-0.05600000,-0.17500000,-0.11900000,0.11500000,0.03200000,-0.14600000,0.08000000,-0.01500000,-0.00500000,-0.01500000,-0.02500000,0.11000000
-0.05300000,-0.17500000,-0.12100000,0.11400000,0.03500000,-0.14800000,0.07900000,-0.01500000,-0.00500000,-0.01500000,-0.02500000,0.11000000
-0.06200000,-0.18700001,-0.12500000,0.12500000,0.03200000,-0.15600000,0.09500000,-0.01300000,-0.00900000,-0.01500000,-0.02500000,0.10700000
-0.06600000,-0.18900000,-0.12300000,0.12800001,0.02900000,-0.15500000,0.11100000,-0.02600000,-0.01100000,-0.01500000,-0.02500000,0.10400000
-0.06300000,-0.18200000,-0.11900000,0.12200000,0.02800000,-0.15000001,0.11000000,-0.03100000,-0.00900000,-0.01500000,-0.02500000,0.10500000
-0.05800000,-0.17900001,-0.12100000,0.11900000,0.03100000,-0.15000001,0.11000000,-0.02600000,-0.00500000,-0.01500000,-0.02900000,0.10100000
-0.05400000,-0.17299999,-0.11900000,0.11400000,0.03300000,-0.14600000,0.11000000,-0.02400000,-0.00500000,-0.01500000,-0.03000000,0.10000000
-0.04900000,-0.16900000,-0.12100000,0.10900000,0.03600000,-0.14500000,0.11000000,-0.02100000,-0.00300000,-0.01000000,-0.03000000,0.09900000
-0.04600000,-0.16500001,-0.11900000,0.10600000,0.03700000,-0.14200000,0.10800000,-0.01900000,0.00100000,-0.01000000,-0.03500000,0.09600000
-0.04500000,-0.16000000,-0.11500000,0.10300000,0.03600000,-0.13699999,0.10500000,-0.01600000,0.00000000,-0.01000000,-0.03500000,0.09400000
-0.04500000,-0.15500000,-0.11000000,0.10000000,0.03300000,-0.13200000,0.10100000,-0.01300000,0.00400000,-0.01000000,-0.03500000,0.09600000
-0.04700000,-0.15300000,-0.10500000,0.10000000,0.02900000,-0.12800001,0.09900000,-0.01100000,0.00500000,-0.01000000,-0.03500000,0.10000000
-0.04100000,-0.14300001,-0.10200000,0.09300000,0.03100000,-0.12200000,0.09500000,-0.00700000,0.00500000,-0.00800000,-0.03500000,0.10000000
-0.06600000,-0.16000000,-0.09400000,0.11400000,0.01500000,-0.12700000,0.09600000,-0.00500000,0.00500000,-0.00300000,-0.03500000,0.10400000
-0.08500000,-0.19300000,-0.10800000,0.14000000,0.01100000,-0.15099999,0.10600000,-0.00700000,0.00600000,-0.00800000,-0.03500000,0.10500000
-0.06600000,-0.18900000,-0.12300000,0.12800001,0.02800000,-0.15600000,0.10500000,-0.01100000,0.00300000,-0.02400000,-0.03500000,0.10100000
-0.06200000,-0.18000001,-0.11800000,0.12100000,0.02800000,-0.14900000,0.10500000,-0.01400000,0.00000000,-0.02600000,-0.03100000,0.09900000
-0.05900000,-0.17500000,-0.11600000,0.11800000,0.02900000,-0.14600000,0.10100000,-0.01800000,0.00000000,-0.02500000,-0.03000000,0.09500000
-0.05700000,-0.17100000,-0.11400000,0.11400000,0.02900000,-0.14200000,0.10000000,-0.02000000,0.00000000,-0.02500000,-0.03000000,0.09400000
-0.05700000,-0.16900000,-0.11200000,0.11300000,0.02700000,-0.14000000,0.09900000,-0.01500000,0.00000000,-0.02500000,-0.03000000,0.08900000
-0.05500000,-0.16400000,-0.10900000,0.10900000,0.02800000,-0.13600001,0.09500000,-0.00800000,0.00000000,-0.02400000,-0.03000000,0.09000000
-0.05600000,-0.16100000,-0.10500000,0.10900000,0.02500000,-0.13300000,0.09500000,-0.00500000,0.01000000,-0.02000000,-0.02900000,0.09000000
-0.05200000,-0.15700001,-0.10500000,0.10500000,0.02700000,-0.13100000,0.09300000,0.00400000,0.01700000,-0.01700000,-0.02500000,0.08900000
-0.04800000,-0.15300000,-0.10500000,0.10100000,0.02900000,-0.12800001,0.10600000,0.00700000,0.01500000,-0.01300000,-0.02500000,0.09800000
-0.02100000,-0.12700000,-0.10500000,0.07400000,0.04200000,-0.11600000,0.11500000,0.01400000,0.01400000,-0.01100000,-0.02600000,0.09900000
0.00500000,-0.10400000,-0.10800000,0.05000000,0.05700000,-0.10600000,0.12800001,0.02700000,0.02600000,0.00200000,-0.01400000,0.11800000
0.00700000,-0.10400000,-0.11100000,0.04900000,0.05900000,-0.10700000,0.11300000,0.03500000,0.05600000,0.02600000,0.01400000,0.13800000
0.00700000,-0.10700000,-0.11400000,0.05000000,0.06100000,-0.11000000,0.08300000,0.05400000,0.07900000,0.04700000,0.03600000,0.14500000
0.00800000,-0.10900000,-0.11700000,0.05100000,0.06200000,-0.11300000,0.08600000,0.02300000,0.05400000,0.03700000,0.02300000,0.14500000
0.00800000,-0.11200000,-0.12000000,0.05200000,0.06400000,-0.11600000,0.08400000,-0.00600000,0.01800000,0.01300000,0.00300000,0.13100000
-0.00700000,-0.12600000,-0.11900000,0.06700000,0.05600000,-0.12200000,0.08100000,-0.01100000,0.01400000,0.00600000,-0.00700000,0.12000000
-0.02700000,-0.14000000,-0.11300000,0.08300000,0.04400000,-0.12600000,0.07900000,-0.02700000,0.00200000,-0.00600000,-0.02000000,0.11000000
-0.04700000,-0.15099999,-0.10400000,0.09900000,0.02900000,-0.12800001,0.08200000,-0.03500000,-0.00200000,-0.01100000,-0.02900000,0.10200000
-0.06300000,-0.16400000,-0.10100000,0.11400000,0.01900000,-0.13300000,0.08600000,-0.05000000,-0.01300000,-0.02100000,-0.04200000,0.09300000
-0.07100000,-0.16000000,-0.09000000,0.11600000,0.01000000,-0.12500000,0.08500000,-0.03900000,-0.02400000,-0.02400000,-0.04000000,0.09000000
-0.07400000,-0.16300000,-0.08900000,0.11900000,0.00700000,-0.12600000,0.08400000,-0.05200000,-0.03500000,-0.03400000,-0.04100000,0.08200000
-0.07300000,-0.15400000,-0.08200000,0.11400000,0.00500000,-0.11800000,0.08100000,-0.03700000,-0.02400000,-0.03900000,-0.03900000,0.08100000
-0.05900000,-0.15700001,-0.09800000,0.10800000,0.02000000,-0.12700000,0.07800000,-0.05400000,-0.02200000,-0.03500000,-0.04100000,0.07400000
-0.06000000,-0.15200000,-0.09100000,0.10600000,0.01600000,-0.12100000,0.08300000,-0.03300000,-0.02100000,-0.03200000,-0.04100000,0.07000000
-0.06400000,-0.14600000,-0.08200000,0.10500000,0.00900000,-0.11400000,0.09000000,-0.04000000,-0.00400000,-0.01700000,-0.03500000,0.06500000
-0.05300000,-0.16100000,-0.10800000,0.10700000,0.02800000,-0.13400000,0.12800001,0.03300000,0.04200000,-0.00900000,-0.04300000,0.04000000
-0.07600000,-0.12500000,-0.04800000,0.10100000,-0.01400000,-0.08600000,0.21100000,0.32200000,0.34700000,0.13800000,0.01200000,0.04900000
0.14399999,0.20299999,0.05900000,-0.17399999,0.04300000,0.13100000,-0.06900000,-0.36300001,0.20400000,0.45600000,0.38000000,0.35900000
0.47099999,0.79600000,0.32499999,-0.63400000,0.07300000,0.56099999,-0.66200000,-1.43599999,-0.34099999,0.78200001,0.96399999,0.97399998
0.29899999,0.49599999,0.19700000,-0.39800000,0.05100000,0.34599999,-0.68900001,-1.38100004,-0.62599999,0.37400001,0.59799999,0.82200003
-0.03900000,-0.21200000,-0.17200001,0.12600000,0.06700000,-0.19200000,-0.31099999,-0.86500001,-0.78100002,-0.37900001,-0.20600000,0.14399999
-0.09700000,-0.19700000,-0.10000000,0.14700000,0.00200000,-0.14800000,-0.09800000,-0.42300001,-0.42899999,-0.28299999,-0.18400000,0.05100000
-0.06800000,-0.14900000,-0.08100000,0.10900000,0.00600000,-0.11500000,0.02000000,-0.10900000,-0.07400000,-0.06200000,-0.06200000,0.09300000
-0.06300000,-0.15200000,-0.08900000,0.10800000,0.01400000,-0.12000000,0.06200000,-0.01700000,-0.03500000,-0.05400000,-0.06500000,0.07700000
-0.06900000,-0.13600001,-0.06700000,0.10300000,-0.00100000,-0.10100000,0.08300000,0.03300000,0.03000000,-0.00600000,-0.03900000,0.09200000
-0.07500000,-0.15400000,-0.07900000,0.11500000,0.00300000,-0.11600000,0.08800000,0.06100000,0.03600000,-0.02000000,-0.05200000,0.07900000
-0.08100000,-0.13699999,-0.05600000,0.11000000,-0.01200000,-0.09600000,0.07900000,0.06900000,0.06600000,0.00600000,-0.03400000,0.08900000
-0.07400000,-0.15099999,-0.07700000,0.11300000,0.00200000,-0.11400000,0.08100000,0.08100000,0.06800000,0.00600000,-0.03900000,0.08400000
-0.05700000,-0.14000000,-0.08300000,0.09900000,0.01300000,-0.11100000,0.07200000,0.08800000,0.07400000,0.01700000,-0.02800000,0.09200000
-0.05300000,-0.14000000,-0.08700000,0.09700000,0.01700000,-0.11300000,0.07200000,0.09800000,0.08700000,0.02300000,-0.02600000,0.08900000
-0.04700000,-0.13100000,-0.08400000,0.09000000,0.01900000,-0.10700000,0.06700000,0.11600000,0.09800000,0.02800000,-0.01500000,0.09400000
-0.04200000,-0.12700000,-0.08500000,0.08500000,0.02200000,-0.10600000,0.06100000,0.13300000,0.12200000,0.03800000,-0.00400000,0.09600000
-0.03700000,-0.12100000,-0.08500000,0.07900000,0.02400000,-0.10300000,0.05400000,0.14700000,0.12800001,0.04200000,0.00400000,0.09400000
-0.02700000,-0.11600000,-0.08900000,0.07200000,0.03100000,-0.10200000,0.04700000,0.17399999,0.15800001,0.06900000,0.02000000,0.10100000
0.00800000,-0.10400000,-0.11100000,0.04800000,0.06000000,-0.10700000,0.04200000,0.20000000,0.18600000,0.09400000,0.03400000,0.10700000
0.04500000,-0.07100000,-0.11600000,0.01400000,0.08000000,-0.09300000,0.03400000,0.22400001,0.21400000,0.11500000,0.04500000,0.11700000
0.07100000,-0.04300000,-0.11400000,-0.01400000,0.09300000,-0.07800000,0.02700000,0.27000001,0.25400001,0.14600000,0.07400000,0.13400000
0.10300000,-0.01200000,-0.11600000,-0.04500000,0.11000000,-0.06400000,0.00700000,0.31000000,0.29200000,0.18700001,0.10900000,0.16400000
0.13300000,0.01800000,-0.11500000,-0.07500000,0.12300000,-0.04800000,-0.02800000,0.35299999,0.32800001,0.23899999,0.15500000,0.20200001
0.17100000,0.05500000,-0.11500000,-0.11200000,0.14300001,-0.03000000,-0.06000000,0.38499999,0.34400001,0.28299999,0.20400000,0.23700000
0.20200001,0.09200000,-0.11000000,-0.14700000,0.15600000,-0.00900000,-0.09600000,0.38600001,0.35299999,0.31299999,0.23999999,0.27500001
0.22100000,0.11400000,-0.10700000,-0.16700000,0.16300000,0.00300000,-0.10700000,0.38100001,0.35200000,0.33399999,0.27900001,0.29200000
0.22200000,0.12000000,-0.10100000,-0.17000000,0.16100000,0.00900000,-0.10400000,0.34500000,0.31000000,0.31200001,0.27200001,0.27900001
0.17500000,0.09300000,-0.08200000,-0.13400000,0.12899999,0.00600000,-0.08300000,0.28700000,0.24500000,0.26199999,0.22900000,0.26199999
0.11200000,0.04300000,-0.06900000,-0.07700000,0.09100000,-0.01300000,-0.03900000,0.22200000,0.17600000,0.19800000,0.17900001,0.22700000
0.06000000,-0.00700000,-0.06700000,-0.02700000,0.06400000,-0.03600000,0.00000000,0.16500001,0.12400000,0.13000000,0.12200000,0.17600000
0.01600000,-0.04900000,-0.06400000,0.01700000,0.04000000,-0.05600000,0.03900000,0.11600000,0.09000000,0.07800000,0.06700000,0.12500000
-0.02100000,-0.08700000,-0.06600000,0.05400000,0.02200000,-0.07600000,0.06600000,0.07100000,0.06300000,0.04400000,0.02500000,0.08600000
-0.05200000,-0.11600000,-0.06400000,0.08400000,0.00600000,-0.09000000,0.07800000,0.05400000,0.05600000,0.02800000,0.00900000,0.07000000
-0.05700000,-0.12200000,-0.06600000,0.09000000,0.00500000,-0.09400000,0.08800000,0.04600000,0.04900000,0.01900000,0.00300000,0.06000000
-0.05100000,-0.12899999,-0.07800000,0.09000000,0.01400000,-0.10300000,0.09100000,0.03400000,0.04200000,0.01200000,-0.00400000,0.05100000
-0.05900000,-0.14000000,-0.08100000,0.09900000,0.01100000,-0.11000000,0.09000000,0.02600000,0.03600000,0.00600000,-0.01100000,0.04800000
-0.06300000,-0.14300001,-0.08000000,0.10300000,0.00900000,-0.11100000,0.09000000,0.02500000,0.02900000,-0.00100000,-0.01800000,0.04400000
-0.06400000,-0.14800000,-0.08500000,0.10600000,0.01100000,-0.11600000,0.09000000,0.02500000,0.02600000,-0.00700000,-0.02000000,0.04100000
-0.06400000,-0.14900000,-0.08500000,0.10700000,0.01100000,-0.11700000,0.09100000,0.02000000,0.02500000,-0.01300000,-0.02000000,0.03600000
-0.05900000,-0.14200000,-0.08400000,0.10100000,0.01300000,-0.11300000,0.09400000,0.01900000,0.02500000,-0.01500000,-0.02000000,0.03600000
-0.05900000,-0.13699999,-0.07900000,0.09800000,0.01000000,-0.10800000,0.09500000,0.02200000,0.02500000,-0.01500000,-0.02000000,0.04100000
-0.05900000,-0.13200000,-0.07400000,0.09600000,0.00800000,-0.10300000,0.09500000,0.02500000,0.02400000,-0.01900000,-0.02000000,0.04500000
-0.05600000,-0.12600000,-0.07000000,0.09100000,0.00700000,-0.09800000,0.09500000,0.02500000,0.02700000,-0.02100000,-0.02000000,0.05000000
-0.05700000,-0.12100000,-0.06500000,0.08900000,0.00400000,-0.09300000,0.09500000,0.02900000,0.03000000,-0.01900000,-0.01500000,0.04700000
-0.05500000,-0.11600000,-0.06100000,0.08600000,0.00300000,-0.08800000,0.09300000,0.04000000,0.03000000,-0.01500000,-0.01500000,0.04400000
-0.05900000,-0.11500000,-0.05600000,0.08700000,-0.00100000,-0.08500000,0.08900000,0.04000000,0.03300000,-0.01000000,-0.01400000,0.04500000
-0.06300000,-0.11500000,-0.05200000,0.08900000,-0.00500000,-0.08300000,0.09000000,0.04000000,0.03500000,-0.00600000,-0.01000000,0.04500000
-0.06500000,-0.11000000,-0.04600000,0.08800000,-0.00900000,-0.07700000,0.08600000,0.05200000,0.03400000,-0.00200000,-0.01000000,0.04500000
-0.06700000,-0.11000000,-0.04400000,0.08900000,-0.01100000,-0.07700000,0.08500000,0.05200000,0.03100000,0.00400000,-0.01300000,0.04400000
-0.07300000,-0.10900000,-0.03600000,0.09100000,-0.01900000,-0.07200000,0.08500000,0.04600000,0.02600000,0.00300000,-0.01700000,0.03900000
-0.06500000,-0.10500000,-0.03900000,0.08500000,-0.01200000,-0.07200000,0.08000000,0.04100000,0.02400000,-0.00400000,-0.02200000,0.03600000
-0.04800000,-0.10500000,-0.05700000,0.07700000,0.00500000,-0.08100000,0.08000000,0.03500000,0.01900000,-0.00800000,-0.02400000,0.03300000
-0.04900000,-0.10500000,-0.05600000,0.07700000,0.00400000,-0.08000000,0.08000000,0.03000000,0.01600000,-0.01400000,-0.02100000,0.02800000
-0.05600000,-0.10500000,-0.04900000,0.08000000,-0.00300000,-0.07700000,0.08000000,0.02500000,0.01200000,-0.02000000,-0.02000000,0.02500000
-0.05900000,-0.10500000,-0.04600000,0.08300000,-0.00600000,-0.07500000,0.08000000,0.02200000,0.01000000,-0.02500000,-0.02000000,0.02500000
-0.06300000,-0.10500000,-0.04200000,0.08400000,-0.01000000,-0.07300000,0.08000000,0.01800000,0.01000000,-0.03000000,-0.02000000,0.02500000
-0.07000000,-0.10500000,-0.03500000,0.08800000,-0.01700000,-0.07000000,0.08000000,0.01500000,0.00600000,-0.03000000,-0.01900000,0.02500000
-0.06000000,-0.10500000,-0.04400000,0.08300000,-0.00700000,-0.07500000,0.08000000,0.01000000,0.00500000,-0.03100000,-0.02500000,0.02500000
-0.04800000,-0.10500000,-0.05700000,0.07700000,0.00500000,-0.08100000,0.08000000,0.01300000,0.00400000,-0.03500000,-0.03300000,0.02500000
-0.05000000,-0.10400000,-0.05400000,0.07800000,0.00200000,-0.07900000,0.08000000,0.02200000,0.00100000,-0.03400000,-0.02900000,0.02600000
-0.05100000,-0.10600000,-0.05500000,0.07900000,0.00200000,-0.08100000,0.07900000,0.02100000,-0.00200000,-0.03800000,-0.02400000,0.03000000
-0.05500000,-0.11000000,-0.05500000,0.08300000,0.00000000,-0.08200000,0.07500000,0.01800000,-0.00500000,-0.04000000,-0.02200000,0.03000000
-0.05500000,-0.11000000,-0.05500000,0.08300000,0.00000000,-0.08200000,0.07500000,0.01600000,-0.00700000,-0.04000000,-0.01700000,0.03000000
-0.05800000,-0.11000000,-0.05200000,0.08400000,-0.00300000,-0.08100000,0.07500000,0.01200000,-0.01100000,-0.04300000,-0.01500000,0.03000000
-0.06300000,-0.11000000,-0.04700000,0.08700000,-0.00800000,-0.07800000,0.07500000,0.00900000,-0.00700000,-0.04600000,-0.03400000,0.03000000
-0.06500000,-0.11000000,-0.04500000,0.08800000,-0.01000000,-0.07700000,0.07500000,0.01200000,-0.00500000,-0.04400000,-0.04200000,0.03000000
-0.06700000,-0.10700000,-0.04000000,0.08700000,-0.01300000,-0.07300000,0.07500000,0.01500000,-0.00500000,-0.04100000,-0.03900000,0.03000000
-0.06500000,-0.10200000,-0.03700000,0.08400000,-0.01400000,-0.06900000,0.07500000,0.01500000,-0.00500000,-0.04000000,-0.04400000,0.03000000
-0.06600000,-0.09900000,-0.03300000,0.08300000,-0.01700000,-0.06600000,0.07500000,0.01500000,-0.00500000,-0.04000000,-0.04500000,0.03000000
-0.06600000,-0.09600000,-0.03000000,0.08100000,-0.01700000,-0.06300000,0.07500000,0.01500000,-0.00500000,-0.04000000,-0.04500000,0.03000000
-0.06100000,-0.09000000,-0.03000000,0.07500000,-0.01500000,-0.06000000,0.07500000,0.01500000,-0.01000000,-0.04000000,-0.04500000,0.02900000
-0.06400000,-0.09200000,-0.02800000,0.07800000,-0.01800000,-0.06000000,0.07500000,0.01500000,-0.01000000,-0.04200000,-0.04500000,0.02500000
-0.07100000,-0.09600000,-0.02400000,0.08400000,-0.02300000,-0.06000000,0.07000000,0.01500000,-0.01100000,-0.04500000,-0.04500000,0.02500000
-0.07000000,-0.09500000,-0.02500000,0.08300000,-0.02200000,-0.06000000,0.07000000,0.01500000,-0.01500000,-0.04500000,-0.04500000,0.02300000
-0.05700000,-0.09400000,-0.03700000,0.07600000,-0.01000000,-0.06500000,0.06900000,0.01500000,-0.01500000,-0.04500000,-0.04500000,0.01900000
-0.05200000,-0.09000000,-0.03800000,0.07100000,-0.00700000,-0.06400000,0.06500000,0.01500000,-0.01500000,-0.04500000,-0.04700000,0.02000000
-0.06000000,-0.09000000,-0.03000000,0.07500000,-0.01500000,-0.06000000,0.06500000,0.01300000,-0.01500000,-0.04500000,-0.05000000,0.01600000
-0.06100000,-0.08800000,-0.02700000,0.07500000,-0.01700000,-0.05800000,0.06300000,0.00800000,-0.01500000,-0.04500000,-0.05000000,0.01400000
-0.06400000,-0.08300000,-0.01900000,0.07300000,-0.02200000,-0.05000000,0.05900000,0.00500000,-0.01500000,-0.04500000,-0.05000000,0.01500000
-0.06300000,-0.08100000,-0.01700000,0.07200000,-0.02300000,-0.04800000,0.05700000,0.00200000,-0.01500000,-0.04500000,-0.05000000,0.01500000
-0.04300000,-0.07600000,-0.03300000,0.06000000,-0.00500000,-0.05400000,0.05400000,-0.00300000,-0.01500000,-0.04500000,-0.05000000,0.01500000
-0.03800000,-0.07300000,-0.03500000,0.05600000,-0.00200000,-0.05400000,0.05100000,-0.00500000,-0.00900000,-0.04500000,-0.04500000,0.01500000
-0.04300000,-0.07000000,-0.02700000,0.05600000,-0.00800000,-0.04800000,0.05000000,0.00700000,-0.00300000,-0.04300000,-0.03700000,0.02400000
-0.02700000,-0.05400000,-0.02700000,0.04100000,0.00000000,-0.04000000,0.04900000,0.02800000,0.00100000,-0.03200000,-0.03100000,0.03200000
-0.01900000,-0.03000000,-0.01100000,0.02500000,-0.00400000,-0.02000000,0.05800000,0.03700000,0.01300000,-0.02200000,-0.02400000,0.03600000
0.00100000,0.00100000,0.00000000,-0.00100000,0.00100000,0.00000000,0.05600000,0.05300000,0.03000000,-0.00400000,-0.01700000,0.05700000
0.01600000,0.00400000,-0.01200000,-0.01000000,0.01400000,-0.00400000,0.03700000,0.07500000,0.05700000,0.02100000,-0.00900000,0.06300000
0.02500000,-0.00400000,-0.02900000,-0.01000000,0.02700000,-0.01600000,0.02600000,0.05100000,0.04900000,0.01500000,-0.00100000,0.05300000
0.01900000,-0.02200000,-0.04100000,0.00100000,0.03000000,-0.03100000,0.02500000,0.02400000,0.01600000,-0.00800000,-0.00900000,0.04800000
-0.02800000,-0.06500000,-0.03800000,0.04700000,0.00500000,-0.05100000,0.02400000,0.01600000,0.00200000,-0.01700000,-0.02100000,0.04000000
-0.03800000,-0.07300000,-0.03400000,0.05600000,-0.00200000,-0.05300000,0.02100000,0.00600000,-0.01300000,-0.02700000,-0.03400000,0.03400000
-0.04400000,-0.07400000,-0.03000000,0.05900000,-0.00600000,-0.05200000,0.01900000,-0.00100000,-0.02000000,-0.03400000,-0.04700000,0.02800000
-0.06300000,-0.09000000,-0.02700000,0.07700000,-0.01800000,-0.05800000,0.02200000,-0.01500000,-0.03300000,-0.04600000,-0.05300000,0.02100000
-0.06400000,-0.08800000,-0.02400000,0.07600000,-0.02000000,-0.05600000,0.02500000,-0.01900000,-0.03000000,-0.05400000,-0.06100000,0.01900000
-0.07600000,-0.10900000,-0.03300000,0.09200000,-0.02200000,-0.07000000,0.02500000,-0.03400000,-0.03200000,-0.05700000,-0.06800000,0.00900000
-0.07800000,-0.10600000,-0.02800000,0.09200000,-0.02500000,-0.06700000,0.02700000,-0.01300000,-0.02800000,-0.04700000,-0.06200000,0.00800000
-0.08700000,-0.11500000,-0.02800000,0.10200000,-0.02900000,-0.07100000,0.03000000,-0.02700000,-0.02800000,-0.04500000,-0.06700000,-0.00100000
-0.09200000,-0.11500000,-0.02300000,0.10400000,-0.03400000,-0.06900000,0.03200000,-0.00200000,-0.02400000,-0.03800000,-0.06500000,-0.00500000
-0.10000000,-0.11500000,-0.01500000,0.10700000,-0.04200000,-0.06500000,0.02100000,-0.02000000,-0.02500000,-0.03000000,-0.06100000,-0.01100000
-0.11300000,-0.13200000,-0.01800000,0.12300000,-0.04700000,-0.07500000,0.06800000,0.07500000,0.04100000,-0.02300000,-0.06800000,-0.02500000
-0.06800000,-0.05800000,0.01000000,0.06400000,-0.03900000,-0.02400000,0.14700000,0.37400001,0.34900001,0.13200000,-0.00600000,-0.00300000
0.19300000,0.28400001,0.09200000,-0.23899999,0.05000000,0.18799999,-0.15800001,-0.35200000,0.18200000,0.45100001,0.38600001,0.32200000
0.48899999,0.84600002,0.35699999,-0.66799998,0.06600000,0.60100001,-0.71600002,-1.41799998,-0.34799999,0.74199998,0.93500000,0.92600000
0.25000000,0.49500000,0.24500000,-0.37300000,0.00300000,0.37000000,-0.69300002,-1.33700001,-0.66399997,0.27500001,0.48899999,0.69800001
-0.08800000,-0.18400000,-0.09600000,0.13699999,0.00400000,-0.14000000,-0.31299999,-0.82800001,-0.79600000,-0.41999999,-0.27200001,0.03800000
-0.12800001,-0.13300000,-0.00500000,0.13100000,-0.06100000,-0.06900000,-0.11500000,-0.37799999,-0.40500000,-0.27500001,-0.19400001,-0.01900000
-0.14700000,-0.11300000,0.03500000,0.13000000,-0.09100000,-0.03900000,0.00700000,-0.06900000,-0.07500000,-0.07600000,-0.08900000,-0.00500000
-0.10400000,-0.10800000,-0.00400000,0.10600000,-0.04900000,-0.05600000,0.04700000,0.01800000,-0.03100000,-0.06400000,-0.08700000,-0.01200000
-0.07200000,-0.08300000,-0.01100000,0.07700000,-0.03000000,-0.04600000,0.05600000,0.06200000,0.02500000,-0.02100000,-0.05800000,0.00600000
-0.06300000,-0.09500000,-0.03200000,0.08000000,-0.01500000,-0.06300000,0.05600000,0.07900000,0.02200000,-0.03400000,-0.07100000,-0.00300000
-0.05400000,-0.07300000,-0.01900000,0.06400000,-0.01700000,-0.04600000,0.04900000,0.09200000,0.04900000,-0.01400000,-0.05100000,0.01100000
-0.05200000,-0.08400000,-0.03200000,0.06800000,-0.01000000,-0.05700000,0.05200000,0.10300000,0.05300000,-0.01500000,-0.05600000,0.00000000
-0.04000000,-0.06800000,-0.02800000,0.05400000,-0.00600000,-0.04800000,0.04800000,0.11100000,0.06200000,-0.00200000,-0.04300000,0.00800000
-0.04000000,-0.07100000,-0.03200000,0.05600000,-0.00400000,-0.05100000,0.05100000,0.12300000,0.07400000,0.00400000,-0.04200000,0.00300000
-0.03400000,-0.06000000,-0.02600000,0.04700000,-0.00400000,-0.04200000,0.04900000,0.14000000,0.09000000,0.01200000,-0.03500000,0.00600000
-0.02800000,-0.05300000,-0.02500000,0.04100000,-0.00100000,-0.03900000,0.04800000,0.15200000,0.09900000,0.02000000,-0.02900000,0.00500000
-0.02100000,-0.04500000,-0.02400000,0.03300000,0.00200000,-0.03400000,0.04500000,0.16700000,0.11200000,0.03500000,-0.02500000,0.01500000
-0.00800000,-0.03700000,-0.02900000,0.02300000,0.01100000,-0.03300000,0.04500000,0.19000000,0.14500000,0.06100000,-0.01700000,0.03100000
0.01900000,-0.02800000,-0.04700000,0.00500000,0.03400000,-0.03700000,0.04600000,0.21799999,0.16599999,0.08400000,0.00200000,0.04200000
0.03500000,-0.00700000,-0.04200000,-0.01400000,0.03900000,-0.02500000,0.02600000,0.25299999,0.19200000,0.11100000,0.02200000,0.05400000
0.06900000,0.01300000,-0.05600000,-0.04000000,0.06200000,-0.02200000,-0.00500000,0.28500000,0.22300000,0.13699999,0.04500000,0.07200000
0.11400000,0.04200000,-0.07200000,-0.07800000,0.09300000,-0.01500000,-0.03200000,0.33000001,0.26400000,0.18300000,0.08100000,0.10200000
0.14500000,0.07700000,-0.06900000,-0.11100000,0.10700000,0.00400000,-0.05700000,0.37099999,0.29600000,0.23199999,0.12400000,0.14000000
0.19200000,0.12200000,-0.07100000,-0.15700001,0.13200000,0.02500000,-0.08500000,0.39399999,0.32400000,0.27800000,0.17800000,0.18500000
0.22800000,0.16200000,-0.06600000,-0.19499999,0.14700000,0.04800000,-0.12000000,0.39300001,0.32200000,0.31000000,0.21900000,0.22100000
0.23700000,0.17200001,-0.06500000,-0.20400000,0.15099999,0.05400000,-0.13100000,0.38299999,0.30599999,0.32200000,0.22900000,0.22900000
0.22800000,0.16400000,-0.06400000,-0.19499999,0.14600000,0.05000000,-0.12600000,0.36199999,0.27599999,0.31200001,0.22100000,0.22300000
0.19599999,0.15600000,-0.03900000,-0.17600000,0.11700000,0.05800000,-0.11200000,0.31299999,0.21699999,0.27100000,0.20700000,0.21100000
0.14300001,0.12200000,-0.02100000,-0.13300000,0.08200000,0.05000000,-0.07700000,0.24200000,0.15899999,0.20200001,0.15300000,0.17500000
0.08500000,0.06600000,-0.02000000,-0.07500000,0.05200000,0.02300000,-0.03200000,0.18799999,0.10700000,0.13500001,0.08700000,0.12100000
0.03700000,0.02100000,-0.01500000,-0.02900000,0.02600000,0.00300000,0.00300000,0.14700000,0.07600000,0.08800000,0.04500000,0.06600000
-0.00100000,-0.01600000,-0.01400000,0.00900000,0.00700000,-0.01400000,0.02200000,0.10500000,0.05800000,0.05400000,0.00800000,0.02500000
-0.03300000,-0.04100000,-0.00800000,0.03700000,-0.01200000,-0.02400000,0.03300000,0.08300000,0.04400000,0.03200000,-0.01700000,0.01200000
-0.03800000,-0.05300000,-0.01500000,0.04600000,-0.01100000,-0.03400000,0.04000000,0.06800000,0.03400000,0.02200000,-0.03000000,0.00800000
-0.03400000,-0.06000000,-0.02600000,0.04700000,-0.00400000,-0.04200000,0.04900000,0.07000000,0.02100000,0.01600000,-0.03700000,0.00200000
-0.03500000,-0.06000000,-0.02500000,0.04800000,-0.00500000,-0.04200000,0.05000000,0.06700000,0.01600000,0.00900000,-0.04400000,-0.00400000
-0.03500000,-0.06000000,-0.02500000,0.04800000,-0.00500000,-0.04200000,0.05000000,0.05100000,0.01300000,0.00400000,-0.04500000,-0.00900000
-0.03500000,-0.06000000,-0.02400000,0.04800000,-0.00600000,-0.04200000,0.05000000,0.04600000,0.01000000,-0.00900000,-0.04500000,-0.01400000
-0.03400000,-0.06000000,-0.02600000,0.04800000,-0.00400000,-0.04300000,0.05000000,0.04500000,0.00800000,-0.02200000,-0.04900000,-0.01500000
-0.03800000,-0.05800000,-0.02000000,0.04800000,-0.00900000,-0.03800000,0.04900000,0.04500000,0.00400000,-0.02100000,-0.05000000,-0.01500000
-0.02600000,-0.05400000,-0.02900000,0.04000000,0.00200000,-0.04100000,0.04400000,0.04600000,0.00900000,-0.01700000,-0.04900000,-0.01500000
-0.01300000,-0.05500000,-0.04200000,0.03400000,0.01500000,-0.04800000,0.03800000,0.04300000,0.02000000,-0.01500000,-0.04500000,-0.01500000
-0.01200000,-0.05100000,-0.03900000,0.03200000,0.01400000,-0.04500000,0.03500000,0.05200000,0.02000000,-0.01100000,-0.04500000,-0.01500000
-0.01200000,-0.05000000,-0.03800000,0.03100000,0.01300000,-0.04400000,0.03000000,0.06500000,0.02000000,-0.01000000,-0.04500000,-0.01500000
-0.01600000,-0.05000000,-0.03400000,0.03300000,0.00900000,-0.04200000,0.02500000,0.06500000,0.02000000,-0.01000000,-0.04500000,-0.01500000
-0.01000000,-0.04500000,-0.03500000,0.02800000,0.01300000,-0.04000000,0.03300000,0.06800000,0.02000000,-0.01000000,-0.04500000,-0.01500000
-0.00700000,-0.04500000,-0.03800000,0.02600000,0.01600000,-0.04100000,0.03600000,0.07100000,0.02000000,-0.01000000,-0.04500000,-0.01600000
-0.00200000,-0.04500000,-0.04300000,0.02400000,0.02100000,-0.04400000,0.03500000,0.06700000,0.01500000,-0.01000000,-0.04500000,-0.01400000
-0.00100000,-0.04500000,-0.04400000,0.02300000,0.02200000,-0.04400000,0.03500000,0.06300000,0.01100000,-0.01000000,-0.04500000,-0.02200000
-0.00800000,-0.04500000,-0.03800000,0.02700000,0.01500000,-0.04100000,0.03500000,0.06000000,0.00800000,-0.01100000,-0.04500000,-0.03300000
-0.01200000,-0.04300000,-0.03100000,0.02800000,0.01000000,-0.03700000,0.03400000,0.05700000,0.00400000,-0.01700000,-0.04500000,-0.03000000
-0.01500000,-0.04000000,-0.02400000,0.02800000,0.00400000,-0.03200000,0.03100000,0.05200000,0.00100000,-0.02100000,-0.04600000,-0.02600000
-0.01900000,-0.03700000,-0.01800000,0.02800000,0.00000000,-0.02700000,0.02800000,0.04900000,-0.00200000,-0.01900000,-0.05000000,-0.02300000
-0.02400000,-0.03400000,-0.01000000,0.02900000,-0.00600000,-0.02200000,0.02500000,0.04600000,-0.00900000,-0.02200000,-0.05000000,-0.01800000
-0.01000000,-0.03100000,-0.02100000,0.02000000,0.00500000,-0.02500000,0.02300000,0.04300000,-0.01500000,-0.02900000,-0.05000000,-0.01500000
-0.00400000,-0.03000000,-0.02600000,0.01700000,0.01100000,-0.02800000,0.01800000,0.04000000,-0.01500000,-0.03000000,-0.05000000,-0.02100000
-0.01600000,-0.03600000,-0.02000000,0.02600000,0.00200000,-0.02700000,0.02500000,0.03700000,-0.01700000,-0.03000000,-0.05000000,-0.03500000
-0.02500000,-0.04300000,-0.01800000,0.03400000,-0.00300000,-0.03100000,0.03600000,0.03500000,-0.02000000,-0.03000000,-0.05400000,-0.04000000
-0.03000000,-0.04300000,-0.01300000,0.03700000,-0.00900000,-0.02800000,0.03000000,0.03500000,-0.02100000,-0.03000000,-0.05500000,-0.03900000
-0.02800000,-0.03900000,-0.01100000,0.03400000,-0.00900000,-0.02500000,0.02500000,0.03500000,-0.01700000,-0.03100000,-0.05600000,-0.04300000
-0.03600000,-0.04000000,-0.00500000,0.03800000,-0.01600000,-0.02200000,0.02200000,0.03500000,-0.01500000,-0.04000000,-0.06000000,-0.04500000
-0.04200000,-0.04000000,0.00300000,0.04100000,-0.02200000,-0.01800000,0.01500000,0.03500000,-0.01500000,-0.04200000,-0.06300000,-0.04500000
-0.03700000,-0.04000000,-0.00300000,0.03900000,-0.01700000,-0.02100000,0.02200000,0.03500000,-0.01500000,-0.03900000,-0.06500000,-0.04900000
-0.02600000,-0.04000000,-0.01400000,0.03300000,-0.00600000,-0.02600000,0.03200000,0.03500000,-0.01500000,-0.04000000,-0.06500000,-0.05000000
-0.02800000,-0.03500000,-0.00700000,0.03200000,-0.01000000,-0.02100000,0.02800000,0.03500000,-0.01500000,-0.03900000,-0.06500000,-0.05000000
-0.04500000,-0.03500000,0.01000000,0.04000000,-0.02700000,-0.01200000,0.02500000,0.03500000,-0.02700000,-0.04100000,-0.06500000,-0.05000000
-0.04100000,-0.03400000,0.00700000,0.03700000,-0.02300000,-0.01300000,0.02400000,0.03500000,-0.03200000,-0.03800000,-0.06500000,-0.05000000
-0.02300000,-0.03000000,-0.00700000,0.02700000,-0.00800000,-0.01900000,0.01800000,0.03500000,-0.03000000,-0.03600000,-0.06500000,-0.05100000
-0.02800000,-0.03000000,-0.00200000,0.02900000,-0.01300000,-0.01500000,0.02700000,0.03500000,-0.02900000,-0.03300000,-0.06500000,-0.05500000
-0.04700000,-0.03300000,0.01500000,0.04000000,-0.03100000,-0.00900000,0.04100000,0.03500000,-0.02500000,-0.04400000,-0.06500000,-0.05500000
-0.04900000,-0.03500000,0.01400000,0.04200000,-0.03100000,-0.01000000,0.03500000,0.03500000,-0.02500000,-0.05600000,-0.06500000,-0.05500000
-0.04100000,-0.03500000,0.00600000,0.03800000,-0.02300000,-0.01400000,0.03100000,0.03500000,-0.02700000,-0.05000000,-0.06500000,-0.05500000
-0.04000000,-0.03800000,0.00200000,0.03900000,-0.02100000,-0.01800000,0.02600000,0.03500000,-0.03500000,-0.04500000,-0.06200000,-0.05500000
-0.03700000,-0.04100000,-0.00400000,0.03900000,-0.01600000,-0.02200000,0.02100000,0.03500000,-0.03900000,-0.04200000,-0.05700000,-0.05900000
-0.02400000,-0.04000000,-0.01500000,0.03200000,-0.00400000,-0.02700000,0.01800000,0.03500000,-0.03500000,-0.03600000,-0.05400000,-0.06000000
-0.02600000,-0.04000000,-0.01500000,0.03300000,-0.00500000,-0.02700000,0.01400000,0.03000000,-0.03500000,-0.03300000,-0.05000000,-0.06100000
-0.04500000,-0.04000000,0.00500000,0.04200000,-0.02500000,-0.01700000,0.01600000,0.03000000,-0.03500000,-0.02900000,-0.04600000,-0.06500000
-0.05700000,-0.04000000,0.01700000,0.04800000,-0.03700000,-0.01200000,0.01400000,0.03000000,-0.03500000,-0.02700000,-0.04400000,-0.06500000
-0.05600000,-0.04000000,0.01600000,0.04800000,-0.03600000,-0.01100000,0.01600000,0.03000000,-0.03500000,-0.02400000,-0.03700000,-0.06500000
-0.05400000,-0.04000000,0.01400000,0.04600000,-0.03400000,-0.01300000,0.01300000,0.02900000,-0.03300000,-0.02100000,-0.03100000,-0.06500000
-0.04900000,-0.03700000,0.01200000,0.04300000,-0.03000000,-0.01300000,0.02700000,0.03300000,-0.02600000,-0.01900000,-0.02400000,-0.06500000
-0.02500000,-0.01800000,0.00800000,0.02200000,-0.01600000,-0.00500000,0.03100000,0.05000000,-0.02100000,-0.01200000,-0.01800000,-0.06500000
-0.02200000,0.00000000,0.02200000,0.01100000,-0.02200000,0.01100000,0.02500000,0.07100000,-0.01400000,0.00300000,-0.01100000,-0.06300000
-0.01800000,0.02600000,0.04500000,-0.00400000,-0.03200000,0.03500000,0.04800000,0.07200000,-0.01100000,0.01300000,-0.00400000,-0.04200000
0.01900000,0.05700000,0.03800000,-0.03800000,-0.01000000,0.04700000,0.03100000,0.07900000,0.01400000,0.02800000,0.01200000,-0.02600000
0.02400000,0.04800000,0.02400000,-0.03600000,0.00000000,0.03500000,0.01200000,0.11700000,0.05200000,0.04700000,0.03400000,-0.02500000
0.01700000,0.03500000,0.01800000,-0.02600000,-0.00100000,0.02700000,0.01000000,0.09000000,0.02600000,0.03500000,0.02400000,-0.02500000
0.01500000,0.02500000,0.01000000,-0.02000000,0.00200000,0.01700000,0.00200000,0.04000000,-0.00900000,0.01800000,0.00800000,-0.04000000
0.00100000,0.00900000,0.00800000,-0.00500000,-0.00400000,0.00800000,-0.00400000,0.02700000,-0.02300000,0.00200000,-0.00300000,-0.04500000
-0.03500000,-0.00700000,0.02900000,0.02100000,-0.03200000,0.01100000,-0.02100000,0.02500000,-0.04300000,-0.01300000,-0.01400000,-0.05300000
-0.06000000,-0.02900000,0.03100000,0.04400000,-0.04500000,0.00100000,-0.02000000,0.01800000,-0.06000000,-0.01800000,-0.02600000,-0.07200000
-0.05600000,-0.02600000,0.02900000,0.04100000,-0.04200000,0.00100000,-0.01300000,0.01600000,-0.06100000,-0.02700000,-0.02900000,-0.07900000
-0.07700000,-0.04800000,0.03000000,0.06200000,-0.05300000,-0.00900000,-0.01000000,0.01000000,-0.05500000,-0.03000000,-0.03400000,-0.08700000
-0.08000000,-0.05900000,0.02100000,0.06900000,-0.05000000,-0.01800000,-0.00200000,0.00200000,-0.05900000,-0.04200000,-0.03500000,-0.08600000
-0.07400000,-0.04400000,0.03000000,0.05900000,-0.05200000,-0.00700000,0.00200000,-0.00300000,-0.04900000,-0.04100000,-0.02700000,-0.08200000
-0.07600000,-0.05400000,0.02200000,0.06500000,-0.04900000,-0.01600000,0.00800000,-0.01200000,-0.06400000,-0.04300000,-0.03400000,-0.08900000
-0.07800000,-0.03300000,0.04400000,0.05500000,-0.06100000,0.00600000,0.01700000,0.02000000,-0.04400000,-0.02300000,-0.02400000,-0.08000000
-0.08000000,-0.04900000,0.03100000,0.06500000,-0.05600000,-0.00900000,0.02000000,-0.00100000,-0.04200000,-0.01200000,-0.03700000,-0.08900000
-0.06800000,-0.03200000,0.03600000,0.04900000,-0.05200000,0.00300000,0.10100000,0.29699999,0.17500000,0.05500000,-0.00900000,-0.12000000
0.06100000,0.13200000,0.07100000,-0.09700000,-0.00500000,0.10100000,0.03800000,0.20400000,0.33000001,0.28700000,0.17299999,-0.00300000
0.41800001,0.67900002,0.26199999,-0.54900002,0.07800000,0.47000000,-0.49100000,-0.94599998,-0.11700000,0.65399998,0.74900001,0.56900001
0.43399999,0.85900003,0.42500001,-0.64700001,0.00400000,0.64200002,-0.80000001,-1.48000002,-0.55299997,0.59700000,0.87300003,0.83399999
0.04300000,0.13100000,0.08800000,-0.08700000,-0.02300000,0.10900000,-0.49200001,-1.06500006,-0.82400000,-0.18099999,0.02500000,0.19400001
-0.10500000,-0.13900000,-0.03400000,0.12200000,-0.03500000,-0.08600000,-0.21200000,-0.58300000,-0.67400002,-0.42199999,-0.27000001,-0.15400000
-0.10800000,-0.01600000,0.09300000,0.06200000,-0.10000000,0.03800000,-0.07800000,-0.18400000,-0.21900000,-0.12800001,-0.07500000,-0.07800000
-0.07000000,-0.03700000,0.03400000,0.05300000,-0.05200000,-0.00200000,0.00500000,0.00400000,-0.08600000,-0.07700000,-0.07200000,-0.09200000
-0.02700000,0.00400000,0.03000000,0.01100000,-0.02900000,0.01700000,0.01900000,0.06900000,-0.03200000,-0.02500000,-0.03700000,-0.07200000
-0.03800000,-0.01800000,0.01900000,0.02800000,-0.02800000,0.00000000,0.02900000,0.09800000,-0.02000000,-0.02100000,-0.04700000,-0.08500000
-0.02200000,-0.00400000,0.01800000,0.01300000,-0.02000000,0.00700000,0.02300000,0.10400000,-0.01300000,-0.01900000,-0.03100000,-0.07800000
-0.02200000,-0.00500000,0.01700000,0.01300000,-0.01900000,0.00600000,0.02400000,0.11600000,0.00900000,-0.00700000,-0.02800000,-0.08000000
-0.01300000,-0.00700000,0.00500000,0.01000000,-0.00800000,-0.00100000,0.01900000,0.12700000,0.01500000,-0.00800000,-0.02400000,-0.08000000
-0.02900000,0.00200000,0.03100000,0.01300000,-0.03000000,0.01600000,0.01900000,0.13699999,0.03200000,0.00300000,-0.01500000,-0.07300000
-0.04300000,0.00200000,0.04400000,0.02000000,-0.04400000,0.02300000,0.01800000,0.14200000,0.03100000,0.00400000,-0.01300000,-0.07700000
-0.02100000,0.01400000,0.03500000,0.00300000,-0.02900000,0.02400000,0.01200000,0.16200000,0.05200000,0.02000000,-0.00500000,-0.07100000
-0.01600000,0.01400000,0.03000000,0.00100000,-0.02300000,0.02100000,0.01300000,0.18000001,0.07600000,0.02700000,0.00000000,-0.07000000
0.00100000,0.02300000,0.02200000,-0.01200000,-0.01000000,0.02200000,0.00600000,0.19599999,0.09200000,0.04400000,0.01900000,-0.07000000
0.01800000,0.03500000,0.01700000,-0.02700000,0.00000000,0.02600000,0.00700000,0.22700000,0.10500000,0.05100000,0.02600000,-0.06000000
0.02800000,0.04100000,0.01300000,-0.03500000,0.00700000,0.02600000,0.00100000,0.25099999,0.13400000,0.07100000,0.05200000,-0.03600000
0.05400000,0.06600000,0.01200000,-0.06000000,0.02100000,0.03900000,-0.01900000,0.28200001,0.16400000,0.09600000,0.07700000,-0.01900000
0.09200000,0.09700000,0.00500000,-0.09500000,0.04300000,0.05100000,-0.03600000,0.32600001,0.20200001,0.12700000,0.10000000,0.00600000
0.16900000,0.13400000,-0.03500000,-0.15099999,0.10200000,0.04900000,-0.07500000,0.36000001,0.23500000,0.17700000,0.14399999,0.04200000
0.21500000,0.17600000,-0.04000000,-0.19499999,0.12700000,0.06800000,-0.10000000,0.39700001,0.25200000,0.21300000,0.17800000,0.08200000
0.23100001,0.21300000,-0.01800000,-0.22200000,0.12500000,0.09700000,-0.12899999,0.40400001,0.25099999,0.24200000,0.21600001,0.12200000
0.26100001,0.23999999,-0.02000000,-0.25099999,0.14000000,0.11000000,-0.15700001,0.39100000,0.24100000,0.26100001,0.24800000,0.15600000
0.27200001,0.25000000,-0.02200000,-0.26100001,0.14700000,0.11400000,-0.15700001,0.38400000,0.23800001,0.25999999,0.24100000,0.15500000
0.24400000,0.24900000,0.00500000,-0.24600001,0.11900000,0.12600000,-0.15500000,0.34599999,0.20200001,0.23199999,0.22700000,0.14100000
0.17299999,0.20500000,0.03200000,-0.18900000,0.07000000,0.11800000,-0.11900000,0.29300001,0.14700000,0.17800000,0.20200001,0.12000000
0.11900000,0.15700001,0.03800000,-0.13800000,0.04000000,0.09700000,-0.07400000,0.24100000,0.09800000,0.11900000,0.14800000,0.06900000
0.06500000,0.11200000,0.04700000,-0.08800000,0.00800000,0.07900000,-0.03800000,0.18600000,0.05800000,0.06700000,0.08600000,0.02400000
0.01600000,0.06500000,0.04800000,-0.04100000,-0.01600000,0.05700000,-0.00600000,0.14399999,0.03300000,0.02400000,0.03800000,-0.01300000
-0.00100000,0.04400000,0.04500000,-0.02200000,-0.02300000,0.04400000,0.00400000,0.11100000,0.01900000,-0.00900000,0.01300000,-0.04500000
-0.01500000,0.02700000,0.04300000,-0.00600000,-0.02900000,0.03500000,0.00700000,0.08800000,0.00900000,-0.03200000,-0.00800000,-0.06600000
-0.02300000,0.01600000,0.03900000,0.00400000,-0.03200000,0.02700000,0.01000000,0.08100000,-0.00300000,-0.04100000,-0.01800000,-0.07600000
-0.02500000,0.01300000,0.03700000,0.00600000,-0.03100000,0.02500000,0.01200000,0.07400000,-0.01000000,-0.04700000,-0.02200000,-0.07400000
-0.02400000,0.00900000,0.03300000,0.00700000,-0.02800000,0.02100000,0.01600000,0.06800000,-0.01500000,-0.05400000,-0.02900000,-0.07500000
-0.03700000,0.00600000,0.04300000,0.01500000,-0.04000000,0.02400000,0.01200000,0.06100000,-0.02000000,-0.05500000,-0.02700000,-0.07500000
-0.05000000,0.00100000,0.05100000,0.02400000,-0.05000000,0.02500000,0.01000000,0.05500000,-0.02300000,-0.05500000,-0.02200000,-0.07500000
-0.04200000,0.00100000,0.04300000,0.02000000,-0.04200000,0.02100000,0.01000000,0.06100000,-0.03000000,-0.05500000,-0.02000000,-0.07500000
-0.03400000,0.00600000,0.04000000,0.01400000,-0.03800000,0.02200000,0.00700000,0.06700000,-0.02800000,-0.05500000,-0.01500000,-0.07500000
-0.02600000,0.00900000,0.03500000,0.00800000,-0.03000000,0.02200000,0.00400000,0.07300000,-0.02500000,-0.05500000,-0.01200000,-0.07500000
-0.01700000,0.01200000,0.03000000,0.00300000,-0.02400000,0.02000000,0.00600000,0.07500000,-0.02500000,-0.05700000,-0.00800000,-0.07500000
-0.02300000,0.01700000,0.04000000,0.00300000,-0.03200000,0.02800000,0.00900000,0.07500000,-0.02100000,-0.06100000,-0.00500000,-0.07500000
-0.02700000,0.02000000,0.04600000,0.00300000,-0.03600000,0.03300000,0.01200000,0.07800000,-0.02000000,-0.06000000,-0.00500000,-0.07500000
-0.02400000,0.02000000,0.04400000,0.00100000,-0.03400000,0.03200000,0.01500000,0.08000000,-0.02100000,-0.06000000,-0.00500000,-0.08000000
-0.03000000,0.01900000,0.04900000,0.00500000,-0.03900000,0.03400000,0.01300000,0.07900000,-0.02500000,-0.06000000,-0.00500000,-0.08000000
-0.02800000,0.02200000,0.05000000,0.00300000,-0.03900000,0.03600000,0.01000000,0.07600000,-0.02500000,-0.06000000,-0.00500000,-0.08000000
-0.01700000,0.03300000,0.05000000,-0.00800000,-0.03400000,0.04100000,0.00700000,0.07100000,-0.02600000,-0.06500000,-0.00800000,-0.08000000
-0.01500000,0.03600000,0.05000000,-0.01100000,-0.03300000,0.04200000,0.00400000,0.06900000,-0.03100000,-0.07000000,-0.01400000,-0.08200000
-0.01500000,0.03400000,0.05000000,-0.01000000,-0.03300000,0.04100000,0.00100000,0.06400000,-0.02800000,-0.07300000,-0.01900000,-0.08600000
-0.01500000,0.03500000,0.05100000,-0.01000000,-0.03400000,0.04300000,0.00000000,0.06100000,-0.03500000,-0.07800000,-0.02200000,-0.09000000
-0.01400000,0.03500000,0.04800000,-0.01000000,-0.03200000,0.04100000,0.00500000,0.05700000,-0.04600000,-0.08000000,-0.02800000,-0.09800000
-0.02400000,0.03500000,0.05900000,-0.00600000,-0.04200000,0.04700000,0.00500000,0.05500000,-0.04500000,-0.08100000,-0.02900000,-0.10200000
-0.03100000,0.03500000,0.06600000,-0.00200000,-0.04900000,0.05000000,0.00600000,0.05500000,-0.04500000,-0.08500000,-0.02500000,-0.10700000
-0.02500000,0.03500000,0.06000000,-0.00500000,-0.04300000,0.04700000,0.01000000,0.05100000,-0.04500000,-0.08500000,-0.02200000,-0.11000000
-0.02300000,0.03500000,0.05800000,-0.00600000,-0.04100000,0.04600000,0.01000000,0.05000000,-0.04500000,-0.08900000,-0.02000000,-0.11000000
-0.01800000,0.03500000,0.05300000,-0.00900000,-0.03600000,0.04400000,0.01000000,0.05000000,-0.04500000,-0.09000000,-0.01600000,-0.11000000
-0.01500000,0.03500000,0.05000000,-0.01000000,-0.03300000,0.04200000,0.01000000,0.04500000,-0.04500000,-0.09000000,-0.01500000,-0.11000000
-0.01500000,0.03100000,0.04600000,-0.00900000,-0.03100000,0.03800000,0.01000000,0.04500000,-0.04500000,-0.09000000,-0.01900000,-0.11000000
-0.01500000,0.03000000,0.04500000,-0.00800000,-0.03000000,0.03700000,0.01000000,0.04500000,-0.04500000,-0.08900000,-0.02000000,-0.11000000
-0.01500000,0.03000000,0.04500000,-0.00800000,-0.03000000,0.03700000,0.01000000,0.04500000,-0.04500000,-0.09300000,-0.02000000,-0.11100000
-0.01600000,0.03000000,0.04500000,-0.00800000,-0.03100000,0.03700000,0.01000000,0.04500000,-0.04500000,-0.09500000,-0.02000000,-0.10900000
-0.01400000,0.03000000,0.04400000,-0.00900000,-0.02900000,0.03600000,0.00500000,0.04500000,-0.05000000,-0.09500000,-0.02000000,-0.11500000
-0.02000000,0.03000000,0.05000000,-0.00500000,-0.03500000,0.04000000,0.00500000,0.04500000,-0.05000000,-0.09500000,-0.02000000,-0.12700000
-0.03100000,0.03000000,0.06100000,0.00100000,-0.04600000,0.04500000,0.00500000,0.04500000,-0.05100000,-0.09500000,-0.02300000,-0.12300000
-0.03000000,0.03000000,0.06000000,0.00000000,-0.04500000,0.04500000,0.00500000,0.04500000,-0.05500000,-0.09500000,-0.02600000,-0.12000000
-0.03000000,0.03000000,0.06000000,0.00000000,-0.04500000,0.04500000,0.00500000,0.04500000,-0.05500000,-0.10000000,-0.02500000,-0.11800000
-0.03000000,0.03000000,0.06000000,0.00000000,-0.04500000,0.04500000,0.00500000,0.04600000,-0.05500000,-0.10000000,-0.02500000,-0.11400000
-0.03000000,0.03000000,0.05900000,0.00000000,-0.04500000,0.04400000,0.00500000,0.05000000,-0.05500000,-0.10100000,-0.02500000,-0.11800000
-0.02800000,0.03500000,0.06200000,-0.00400000,-0.04500000,0.04800000,0.00500000,0.05000000,-0.05500000,-0.10500000,-0.02600000,-0.12000000
-0.02100000,0.04500000,0.06500000,-0.01200000,-0.04400000,0.05500000,0.00500000,0.05000000,-0.05500000,-0.10500000,-0.03000000,-0.12000000
-0.02000000,0.04500000,0.06500000,-0.01300000,-0.04300000,0.05500000,0.00500000,0.04900000,-0.05500000,-0.10300000,-0.02900000,-0.12000000
-0.02000000,0.04600000,0.06600000,-0.01300000,-0.04300000,0.05500000,0.00600000,0.05100000,-0.05500000,-0.09700000,-0.03300000,-0.12000000
-0.02500000,0.04400000,0.06900000,-0.01000000,-0.04800000,0.05600000,0.00900000,0.04700000,-0.04900000,-0.09200000,-0.03500000,-0.12000000
-0.02700000,0.04500000,0.07200000,-0.00900000,-0.05000000,0.05800000,0.01200000,0.04500000,-0.04300000,-0.08900000,-0.03500000,-0.11400000
-0.02800000,0.05300000,0.08100000,-0.01300000,-0.05500000,0.06700000,0.01600000,0.04500000,-0.03500000,-0.08400000,-0.03100000,-0.10800000
-0.01700000,0.06900000,0.08600000,-0.02600000,-0.05200000,0.07700000,0.01900000,0.04600000,-0.03000000,-0.08000000,-0.02000000,-0.10100000
-0.00100000,0.09500000,0.09500000,-0.04700000,-0.04800000,0.09500000,0.02500000,0.07100000,-0.01800000,-0.06800000,-0.00900000,-0.09400000
0.02200000,0.12300000,0.10100000,-0.07300000,-0.04000000,0.11200000,0.02700000,0.09100000,0.00200000,-0.05100000,0.01300000,-0.08700000
0.05800000,0.14800000,0.09000000,-0.10300000,-0.01700000,0.11900000,0.01000000,0.10800000,0.02300000,-0.05000000,0.02200000,-0.08500000
0.06800000,0.14600000,0.07800000,-0.10700000,-0.00600000,0.11200000,-0.02500000,0.10000000,0.02400000,-0.04600000,0.01400000,-0.08100000
0.06900000,0.13600001,0.06800000,-0.10300000,0.00100000,0.10200000,-0.04300000,0.07700000,-0.01500000,-0.04500000,0.00800000,-0.07900000
0.04000000,0.11100000,0.07100000,-0.07600000,-0.01600000,0.09000000,-0.03700000,0.05900000,-0.04100000,-0.06300000,0.00100000,-0.09900000
0.00700000,0.08000000,0.07300000,-0.04400000,-0.03300000,0.07600000,-0.03500000,0.04500000,-0.05400000,-0.07900000,-0.00600000,-0.11200000
0.00100000,0.07000000,0.06900000,-0.03500000,-0.03500000,0.07000000,-0.03100000,0.04600000,-0.06400000,-0.08500000,-0.01400000,-0.11300000
-0.01600000,0.05400000,0.07000000,-0.01900000,-0.04300000,0.06100000,-0.02600000,0.03300000,-0.07300000,-0.09000000,-0.02600000,-0.12400000
-0.01300000,0.05700000,0.07100000,-0.02200000,-0.04200000,0.06400000,-0.02400000,0.03600000,-0.07500000,-0.09500000,-0.03900000,-0.13400000
-0.01800000,0.05200000,0.07000000,-0.01700000,-0.04400000,0.06100000,-0.01900000,0.02000000,-0.08200000,-0.10200000,-0.04500000,-0.14200000
-0.03600000,0.05700000,0.09300000,-0.01100000,-0.06500000,0.07500000,-0.01400000,0.03300000,-0.08000000,-0.10000000,-0.03700000,-0.13900000
-0.04300000,0.05400000,0.09700000,-0.00600000,-0.07000000,0.07500000,-0.01000000,0.02700000,-0.08100000,-0.09500000,-0.04100000,-0.13900000
-0.04500000,0.05400000,0.09900000,-0.00500000,-0.07200000,0.07600000,-0.00400000,0.03100000,-0.09100000,-0.09900000,-0.04100000,-0.14300001
-0.05100000,0.05500000,0.10700000,-0.00200000,-0.07900000,0.08100000,-0.00300000,0.03300000,-0.07700000,-0.08800000,-0.03700000,-0.13500001
-0.07200000,0.03200000,0.10300000,0.01900000,-0.08800000,0.06700000,0.02800000,0.05800000,-0.04400000,-0.07800000,-0.04500000,-0.15099999
-0.05800000,0.06000000,0.11800000,-0.00100000,-0.08800000,0.08800000,0.11500000,0.41299999,0.26400000,0.05500000,0.00000000,-0.17399999
0.17399999,0.31700000,0.14300001,-0.24500000,0.01500000,0.22900000,-0.09400000,-0.01900000,0.25700000,0.34599999,0.29400000,0.07200000
0.51099998,0.91500002,0.40400001,-0.71300000,0.05300000,0.66000003,-0.65799999,-1.18200004,-0.27300000,0.67799997,0.88599998,0.69099998
0.34000000,0.75599998,0.41600001,-0.54799998,-0.03800000,0.58600003,-0.75199997,-1.37199998,-0.63800001,0.34999999,0.64099997,0.63700002
-0.05400000,0.06300000,0.11700000,-0.00500000,-0.08600000,0.09000000,-0.39600000,-0.89300001,-0.85299999,-0.41800001,-0.19400001,-0.05100000
-0.11100000,0.02900000,0.13900000,0.04100000,-0.12500000,0.08400000,-0.19000000,-0.42600000,-0.55599999,-0.38800001,-0.23100001,-0.18799999
-0.08200000,0.07800000,0.16000000,0.00200000,-0.12100000,0.11900000,-0.06000000,-0.07400000,-0.15000001,-0.13600001,-0.09500000,-0.12800001
-0.04200000,0.07200000,0.11400000,-0.01600000,-0.07800000,0.09200000,-0.00900000,0.05300000,-0.08300000,-0.12000000,-0.09100000,-0.14600000
-0.01600000,0.09000000,0.10500000,-0.03700000,-0.06000000,0.09700000,0.00000000,0.10000000,-0.01400000,-0.07300000,-0.05500000,-0.12600000
-0.02400000,0.07000000,0.09400000,-0.02300000,-0.05900000,0.08300000,0.00900000,0.11100000,-0.01000000,-0.07700000,-0.07500000,-0.13900000
-0.01700000,0.08800000,0.10500000,-0.03600000,-0.06100000,0.09600000,0.00400000,0.12899999,-0.00200000,-0.05800000,-0.05500000,-0.12500000
-0.02200000,0.07400000,0.09600000,-0.02600000,-0.05900000,0.08500000,0.01300000,0.14399999,0.00400000,-0.05800000,-0.06200000,-0.13300000
-0.01500000,0.08700000,0.10300000,-0.03600000,-0.05900000,0.09500000,0.00700000,0.14500000,0.00600000,-0.04900000,-0.05200000,-0.12500000
-0.01100000,0.08600000,0.09600000,-0.03800000,-0.05400000,0.09100000,0.00500000,0.16300000,0.01600000,-0.04200000,-0.05000000,-0.12100000
-0.00100000,0.09100000,0.09100000,-0.04500000,-0.04600000,0.09100000,-0.00200000,0.17500000,0.02000000,-0.03400000,-0.04300000,-0.11700000
0.00700000,0.09100000,0.08400000,-0.04900000,-0.03900000,0.08800000,-0.00500000,0.18799999,0.04400000,-0.01600000,-0.03500000,-0.11100000
0.01000000,0.08700000,0.07700000,-0.04900000,-0.03300000,0.08200000,-0.01000000,0.20000000,0.06200000,-0.00600000,-0.03100000,-0.10900000
0.04100000,0.11300000,0.07200000,-0.07700000,-0.01500000,0.09200000,-0.01500000,0.22000000,0.07300000,0.01200000,-0.02000000,-0.10200000
0.05900000,0.12300000,0.06400000,-0.09100000,-0.00300000,0.09300000,-0.02000000,0.24900000,0.10100000,0.04400000,-0.01000000,-0.09100000
0.07100000,0.13300000,0.06200000,-0.10200000,0.00500000,0.09700000,-0.03500000,0.27800000,0.13000000,0.07600000,0.01800000,-0.07600000
0.10400000,0.16100000,0.05700000,-0.13300000,0.02300000,0.10900000,-0.04200000,0.31299999,0.15400000,0.11000000,0.04700000,-0.05700000
0.12500000,0.18099999,0.05600000,-0.15300000,0.03400000,0.11800000,-0.06900000,0.35499999,0.19599999,0.15899999,0.08200000,-0.02200000
0.17100000,0.22300000,0.05200000,-0.19700000,0.05900000,0.13699999,-0.10400000,0.38999999,0.22900000,0.20200001,0.12500000,0.01400000
0.21400000,0.26400000,0.04900000,-0.23899999,0.08200000,0.15600000,-0.13200000,0.41800001,0.24800000,0.24900000,0.17000000,0.05100000
0.24699999,0.30000001,0.05200000,-0.27399999,0.09700000,0.17600000,-0.16200000,0.41499999,0.23800001,0.27300000,0.21400000,0.09000000
0.26800001,0.32400000,0.05600000,-0.29699999,0.10600000,0.19000000,-0.18799999,0.40099999,0.22499999,0.25999999,0.23899999,0.11100000
0.23999999,0.31000000,0.07000000,-0.27500001,0.08500000,0.19000000,-0.19700000,0.38800001,0.21300000,0.24400000,0.23999999,0.09900000
0.21200000,0.29300001,0.08100000,-0.25299999,0.06500000,0.18700001,-0.17100000,0.34599999,0.16700000,0.21699999,0.20900001,0.08500000
0.15200000,0.26199999,0.11100000,-0.20700000,0.02000000,0.18600000,-0.12500000,0.29400000,0.11500000,0.15099999,0.15500000,0.05200000
0.11200000,0.21600001,0.10500000,-0.16400000,0.00300000,0.16000000,-0.07900000,0.24600001,0.07500000,0.08200000,0.10200000,-0.00400000
0.08000000,0.17500000,0.09400000,-0.12800001,-0.00700000,0.13400000,-0.04400000,0.20400000,0.03800000,0.03700000,0.05000000,-0.04600000
0.00800000,0.14100000,0.13300000,-0.07500000,-0.06200000,0.13699999,-0.02900000,0.15899999,0.01500000,0.00700000,0.01200000,-0.09000000
0.00300000,0.12300000,0.12000000,-0.06300000,-0.05900000,0.12100000,-0.02200000,0.12899999,0.00800000,-0.01600000,-0.01400000,-0.11700000
0.00100000,0.10600000,0.10400000,-0.05400000,-0.05200000,0.10500000,-0.01700000,0.12000000,0.00100000,-0.03900000,-0.03000000,-0.12700000
-0.01100000,0.09400000,0.10500000,-0.04100000,-0.05800000,0.09900000,-0.01500000,0.11000000,-0.00600000,-0.05200000,-0.04100000,-0.13900000
-0.00100000,0.09400000,0.09500000,-0.04700000,-0.04800000,0.09400000,-0.01000000,0.10300000,-0.02300000,-0.05600000,-0.05000000,-0.14200000
0.00100000,0.09500000,0.09300000,-0.04800000,-0.04700000,0.09400000,-0.00700000,0.09900000,-0.03600000,-0.05900000,-0.05000000,-0.14000000
0.01200000,0.09600000,0.08400000,-0.05400000,-0.03600000,0.09000000,-0.00300000,0.09400000,-0.03400000,-0.06200000,-0.05000000,-0.14000000
-0.00200000,0.09400000,0.09500000,-0.04600000,-0.04900000,0.09400000,0.00000000,0.09100000,-0.03500000,-0.06500000,-0.05000000,-0.14000000
-0.02100000,0.09700000,0.11800000,-0.03800000,-0.07000000,0.10700000,0.00300000,0.08400000,-0.03500000,-0.06500000,-0.05000000,-0.14000000
-0.03100000,0.09000000,0.12100000,-0.02900000,-0.07600000,0.10500000,0.00500000,0.09000000,-0.03500000,-0.06500000,-0.04800000,-0.14000000
-0.03700000,0.08200000,0.12000000,-0.02300000,-0.07900000,0.10100000,0.00800000,0.09700000,-0.03400000,-0.06500000,-0.04400000,-0.13500001
-0.01400000,0.10700000,0.12000000,-0.04700000,-0.06700000,0.11300000,0.01100000,0.09800000,-0.02800000,-0.06500000,-0.04200000,-0.13500001
-0.00800000,0.11200000,0.12000000,-0.05200000,-0.06400000,0.11600000,0.00500000,0.11300000,-0.02300000,-0.06500000,-0.03900000,-0.13500001
-0.01100000,0.10800000,0.11900000,-0.04900000,-0.06500000,0.11300000,-0.00200000,0.11600000,-0.01700000,-0.06500000,-0.03600000,-0.13500001
-0.00700000,0.10700000,0.11300000,-0.05000000,-0.06000000,0.11000000,-0.01000000,0.11400000,-0.01100000,-0.05900000,-0.03500000,-0.13600001
-0.00600000,0.10300000,0.10900000,-0.04900000,-0.05800000,0.10600000,-0.01400000,0.11100000,-0.00600000,-0.04900000,-0.04000000,-0.13200000
0.00300000,0.10700000,0.10400000,-0.05500000,-0.05100000,0.10500000,-0.01000000,0.10900000,-0.00800000,-0.04700000,-0.04000000,-0.13000000
0.00900000,0.11000000,0.10100000,-0.06000000,-0.04600000,0.10500000,-0.01000000,0.10900000,-0.01400000,-0.05100000,-0.04000000,-0.13000000
0.02000000,0.11500000,0.09500000,-0.06800000,-0.03700000,0.10500000,-0.01000000,0.10300000,-0.01800000,-0.05000000,-0.04000000,-0.13000000
0.00900000,0.11100000,0.10300000,-0.06000000,-0.04700000,0.10700000,-0.01000000,0.09900000,-0.02300000,-0.05000000,-0.04200000,-0.13000000
-0.01400000,0.11000000,0.12400000,-0.04800000,-0.06900000,0.11600000,-0.01000000,0.09500000,-0.02700000,-0.05000000,-0.04900000,-0.13000000
-0.01500000,0.11000000,0.12500000,-0.04800000,-0.07000000,0.11700000,-0.00600000,0.09000000,-0.03200000,-0.05000000,-0.05500000,-0.13500001
-0.01800000,0.10500000,0.12300000,-0.04400000,-0.07100000,0.11400000,-0.00500000,0.08500000,-0.03500000,-0.05500000,-0.06000000,-0.13800000
-0.01300000,0.10500000,0.11800000,-0.04600000,-0.06600000,0.11100000,-0.00500000,0.08800000,-0.04000000,-0.06000000,-0.06000000,-0.14600000
-0.02300000,0.10500000,0.12800001,-0.04100000,-0.07600000,0.11600000,-0.00600000,0.09100000,-0.04300000,-0.06300000,-0.06000000,-0.15700001
-0.04200000,0.10500000,0.14600000,-0.03200000,-0.09500000,0.12500000,-0.00400000,0.08900000,-0.04600000,-0.06800000,-0.06000000,-0.16000000
-0.03400000,0.10500000,0.13900000,-0.03600000,-0.08700000,0.12200000,-0.00900000,0.09000000,-0.04900000,-0.07000000,-0.06100000,-0.16400000
-0.03100000,0.10500000,0.13600001,-0.03700000,-0.08400000,0.12000000,-0.02100000,0.08900000,-0.05200000,-0.07000000,-0.05700000,-0.16900000
-0.02600000,0.10500000,0.13100000,-0.04000000,-0.07900000,0.11800000,-0.01800000,0.09100000,-0.05500000,-0.06900000,-0.05500000,-0.17000000
-0.02100000,0.10500000,0.12600000,-0.04200000,-0.07400000,0.11500000,-0.01400000,0.09500000,-0.05500000,-0.06600000,-0.05400000,-0.17500000
-0.01800000,0.10500000,0.12300000,-0.04400000,-0.07100000,0.11400000,-0.01100000,0.09500000,-0.05500000,-0.06100000,-0.05800000,-0.17399999
-0.01400000,0.10500000,0.11900000,-0.04600000,-0.06700000,0.11100000,-0.00700000,0.09700000,-0.05500000,-0.05900000,-0.07400000,-0.17000000
-0.02500000,0.10500000,0.13000000,-0.04000000,-0.07800000,0.11700000,-0.00400000,0.10100000,-0.05500000,-0.05500000,-0.07600000,-0.17000000
-0.03000000,0.10500000,0.13500001,-0.03800000,-0.08300000,0.12000000,-0.01000000,0.09900000,-0.05500000,-0.05000000,-0.07400000,-0.17000000
-0.03100000,0.10400000,0.13500001,-0.03700000,-0.08300000,0.12000000,-0.02200000,0.10000000,-0.05500000,-0.05200000,-0.07600000,-0.17000000
-0.02800000,0.10600000,0.13400000,-0.04000000,-0.08100000,0.12000000,-0.01800000,0.10000000,-0.05200000,-0.05500000,-0.07500000,-0.17000000
-0.02600000,0.11000000,0.13600001,-0.04200000,-0.08100000,0.12300000,-0.01600000,0.10000000,-0.04900000,-0.05600000,-0.07400000,-0.17299999
-0.02300000,0.11000000,0.13300000,-0.04400000,-0.07800000,0.12100000,-0.01200000,0.10000000,-0.04600000,-0.05900000,-0.06900000,-0.17600000
-0.02400000,0.11400000,0.13900000,-0.04500000,-0.08200000,0.12600000,-0.01000000,0.09900000,-0.04300000,-0.06300000,-0.06600000,-0.17299999
-0.04500000,0.11500000,0.15899999,-0.03500000,-0.10300000,0.13699999,-0.00700000,0.10200000,-0.04000000,-0.05800000,-0.06400000,-0.16800000
-0.04300000,0.11900000,0.16100000,-0.03800000,-0.10200000,0.14000000,0.00300000,0.10800000,-0.03900000,-0.05000000,-0.05700000,-0.16000000
-0.02900000,0.13699999,0.16500001,-0.05500000,-0.09700000,0.15099999,0.01300000,0.12899999,-0.02700000,-0.04200000,-0.05600000,-0.15500000
0.00500000,0.16599999,0.16200000,-0.08600000,-0.07900000,0.16400000,0.02200000,0.13400000,-0.00800000,-0.03400000,-0.04700000,-0.14700000
0.05500000,0.20000000,0.14600000,-0.12800001,-0.04600000,0.17299999,0.00700000,0.15600000,0.02300000,-0.02700000,-0.02900000,-0.14200000
0.06300000,0.19800000,0.13400000,-0.13100000,-0.03600000,0.16599999,-0.02500000,0.16900000,0.03700000,-0.00600000,-0.02300000,-0.13800000
0.03900000,0.17200001,0.13300000,-0.10600000,-0.04700000,0.15200000,-0.04400000,0.13100000,0.00700000,-0.02300000,-0.03200000,-0.14399999
0.02100000,0.16000000,0.13900000,-0.09100000,-0.05900000,0.14900000,-0.04200000,0.11400000,-0.01800000,-0.05800000,-0.05800000,-0.16500001
0.00900000,0.14700000,0.13800000,-0.07800000,-0.06500000,0.14200000,-0.03600000,0.10500000,-0.03500000,-0.06700000,-0.07100000,-0.17900001
-0.01300000,0.13500001,0.14800000,-0.06100000,-0.08100000,0.14100000,-0.03300000,0.09900000,-0.04900000,-0.07800000,-0.07500000,-0.18600000
-0.02000000,0.11900000,0.13900000,-0.04900000,-0.07900000,0.12800001,-0.02700000,0.08500000,-0.06700000,-0.09400000,-0.09000000,-0.19900000
-0.04100000,0.10900000,0.15000001,-0.03400000,-0.09600000,0.12899999,-0.02400000,0.09100000,-0.07300000,-0.09400000,-0.09500000,-0.20700000
-0.06600000,0.10400000,0.16900000,-0.01900000,-0.11800000,0.13600001,-0.01900000,0.08900000,-0.07100000,-0.09500000,-0.10600000,-0.21200000
-0.06900000,0.10200000,0.17100000,-0.01700000,-0.12000000,0.13600001,-0.02000000,0.09000000,-0.07300000,-0.09900000,-0.10900000,-0.20999999
-0.07700000,0.09900000,0.17600000,-0.01200000,-0.12700000,0.13699999,-0.02000000,0.09200000,-0.06400000,-0.09900000,-0.11400000,-0.20800000
-0.08000000,0.09400000,0.17399999,-0.00700000,-0.12700000,0.13300000,-0.01800000,0.08500000,-0.07900000,-0.10300000,-0.11700000,-0.21400000
-0.08900000,0.09900000,0.18700001,-0.00500000,-0.13800000,0.14300001,-0.02400000,0.10000000,-0.05800000,-0.08900000,-0.11400000,-0.20299999
-0.05500000,0.11000000,0.16500001,-0.02800000,-0.11000000,0.13699999,0.00400000,0.10100000,-0.04600000,-0.08200000,-0.12899999,-0.23100001
-0.04900000,0.11700000,0.16500001,-0.03400000,-0.10700000,0.14100000,0.09200000,0.45300001,0.23500000,0.02500000,-0.09400000,-0.27700001
0.12000000,0.31500000,0.19499999,-0.21799999,-0.03800000,0.25400001,-0.04900000,0.25500000,0.35100001,0.31299999,0.18500000,-0.07300000
0.47499999,0.90300000,0.42800000,-0.68900001,0.02300000,0.66500002,-0.58800000,-0.87599999,-0.14700000,0.68800002,0.79900002,0.54600000
0.33600000,0.83999997,0.50500000,-0.58800000,-0.08500000,0.67199999,-0.74299997,-1.22399998,-0.57300001,0.42300001,0.64099997,0.58099997
-0.06600000,0.13400000,0.20000000,-0.03500000,-0.13300000,0.16700000,-0.39899999,-0.79900002,-0.83999997,-0.37500000,-0.20999999,-0.10700000
-0.14000000,0.03700000,0.17700000,0.05100000,-0.15800001,0.10700000,-0.19400001,-0.39500001,-0.61299998,-0.43300000,-0.30800000,-0.29800001
-0.07300000,0.13200000,0.20500000,-0.03000000,-0.13900000,0.16800000,-0.07200000,-0.04400000,-0.17299999,-0.15800001,-0.14300001,-0.25099999
-0.04000000,0.12100000,0.16100000,-0.04100000,-0.10100000,0.14100000,-0.01500000,0.10700000,-0.08200000,-0.11400000,-0.13100000,-0.27000001
-0.05000000,0.13500001,0.18500000,-0.04300000,-0.11800000,0.16000000,-0.00400000,0.15000001,-0.02400000,-0.06600000,-0.09200000,-0.23700000
-0.04600000,0.11600000,0.16200000,-0.03600000,-0.10400000,0.13900000,0.00400000,0.16900000,-0.01000000,-0.05300000,-0.10000000,-0.24699999
-0.03400000,0.12700000,0.16100000,-0.04700000,-0.09700000,0.14399999,-0.00400000,0.18600000,0.00700000,-0.03400000,-0.07700000,-0.23000000
-0.03200000,0.11400000,0.14600000,-0.04100000,-0.08900000,0.13000000,0.00200000,0.19200000,0.03000000,-0.03300000,-0.07600000,-0.23300000
-0.01300000,0.13000000,0.14300001,-0.05900000,-0.07800000,0.13600001,-0.00100000,0.19200000,0.03500000,-0.02300000,-0.06600000,-0.22499999
0.00600000,0.14700000,0.14100000,-0.07600000,-0.06800000,0.14399999,0.00000000,0.21600001,0.04700000,-0.00700000,-0.06200000,-0.22100000
0.00800000,0.14300001,0.13400000,-0.07600000,-0.06400000,0.13800000,-0.00500000,0.22300000,0.05300000,0.00400000,-0.05900000,-0.21799999
0.01300000,0.14700000,0.13500001,-0.08000000,-0.06100000,0.14100000,-0.01300000,0.22700000,0.06300000,0.01800000,-0.05200000,-0.20999999
0.01600000,0.14200000,0.12700000,-0.07900000,-0.05600000,0.13400000,-0.01600000,0.25200000,0.07500000,0.03000000,-0.05100000,-0.20700000
0.01700000,0.14500000,0.12800001,-0.08200000,-0.05600000,0.13600001,-0.02200000,0.27700001,0.09700000,0.04300000,-0.04000000,-0.20000000
0.04200000,0.18500000,0.14300001,-0.11400000,-0.05100000,0.16400000,-0.04900000,0.29200000,0.11800000,0.06100000,-0.02600000,-0.19499999
0.06900000,0.20200001,0.13300000,-0.13600001,-0.03200000,0.16700000,-0.05800000,0.31600001,0.15000001,0.09400000,-0.00800000,-0.19100000
0.08500000,0.19800000,0.11300000,-0.14200000,-0.01400000,0.15500000,-0.06500000,0.35400000,0.18700001,0.13100000,0.03100000,-0.16599999
0.11600000,0.22600000,0.11000000,-0.17100000,0.00300000,0.16700000,-0.08100000,0.39100000,0.22400001,0.17600000,0.07400000,-0.12700000
0.16200000,0.26400000,0.10300000,-0.21400000,0.02900000,0.18400000,-0.11200000,0.40900001,0.25900000,0.21300000,0.10800000,-0.10900000
0.19700000,0.29699999,0.10000000,-0.24699999,0.04800000,0.19800000,-0.15000001,0.44200000,0.28200001,0.25600001,0.15700001,-0.07600000
0.24500000,0.33899999,0.09500000,-0.29200000,0.07400000,0.21699999,-0.17299999,0.46300000,0.28600001,0.28600001,0.19599999,-0.03800000
0.26800001,0.35699999,0.08900000,-0.31299999,0.08900000,0.22300000,-0.19700000,0.44800001,0.28600001,0.30000001,0.22200000,-0.03500000
0.24800000,0.35200000,0.10300000,-0.30000001,0.07200000,0.22700000,-0.18900000,0.44000000,0.26800001,0.29800001,0.22499999,-0.03400000
0.20999999,0.34700000,0.13699999,-0.27900001,0.03600000,0.24200000,-0.16400000,0.40400001,0.22200000,0.25200000,0.20100001,-0.03600000
0.13600001,0.30199999,0.16599999,-0.21900000,-0.01500000,0.23400000,-0.13100000,0.35200000,0.16000000,0.20100001,0.15300000,-0.06400000
0.08800000,0.25600001,0.16800000,-0.17200001,-0.04000000,0.21200000,-0.09400000,0.30399999,0.10000000,0.14000000,0.08300000,-0.11600000
0.06600000,0.22800000,0.16200000,-0.14800000,-0.04800000,0.19499999,-0.06900000,0.24500000,0.05800000,0.07800000,0.03300000,-0.17000000
0.03600000,0.19300000,0.15700001,-0.11400000,-0.06100000,0.17500000,-0.04100000,0.20700000,0.03300000,0.04400000,-0.01500000,-0.20200001
0.01400000,0.16700000,0.15400000,-0.09100000,-0.07000000,0.16000000,-0.01900000,0.18200000,0.02300000,0.01400000,-0.05500000,-0.22700000
0.00500000,0.15300000,0.14800000,-0.07900000,-0.07100000,0.15000001,-0.01400000,0.16599999,0.01900000,-0.00500000,-0.07700000,-0.25099999
-0.00700000,0.14000000,0.14600000,-0.06700000,-0.07700000,0.14300001,-0.00900000,0.16200000,0.01400000,-0.01500000,-0.09100000,-0.26100001
-0.02600000,0.13400000,0.16000000,-0.05400000,-0.09300000,0.14700000,-0.00800000,0.15600000,0.01000000,-0.02300000,-0.09300000,-0.26300001
-0.03000000,0.12800001,0.15800001,-0.05000000,-0.09400000,0.14300001,-0.00100000,0.15300000,0.00500000,-0.03300000,-0.09100000,-0.26699999
-0.02900000,0.12500000,0.15400000,-0.04800000,-0.09200000,0.13900000,-0.00100000,0.14700000,0.00100000,-0.03900000,-0.08800000,-0.27000001
-0.03100000,0.12000000,0.15099999,-0.04400000,-0.09100000,0.13600001,-0.00200000,0.14600000,0.00000000,-0.03400000,-0.08600000,-0.26600000
-0.03100000,0.11500000,0.14500000,-0.04200000,-0.08900000,0.13000000,0.01400000,0.15000001,-0.00100000,-0.03600000,-0.08200000,-0.26199999
-0.01600000,0.12899999,0.14500000,-0.05700000,-0.08100000,0.13699999,0.01300000,0.15400000,-0.00400000,-0.03300000,-0.08000000,-0.25900000
0.00700000,0.13699999,0.13000000,-0.07200000,-0.06200000,0.13300000,0.00900000,0.15899999,-0.00600000,-0.03000000,-0.07800000,-0.25600001
-0.00400000,0.13400000,0.13800000,-0.06500000,-0.07200000,0.13600001,0.00600000,0.16900000,-0.00300000,-0.03000000,-0.07300000,-0.25000000
-0.02400000,0.13500001,0.15899999,-0.05600000,-0.09200000,0.14700000,0.00100000,0.18400000,0.00700000,-0.02700000,-0.07000000,-0.25299999
-0.02000000,0.13500001,0.15500000,-0.05800000,-0.08800000,0.14399999,-0.00100000,0.18200000,0.00500000,-0.02300000,-0.06700000,-0.26800001
-0.01200000,0.13500001,0.14700000,-0.06100000,-0.08000000,0.14100000,-0.00500000,0.17600000,0.00000000,-0.01900000,-0.06300000,-0.27100000
-0.01100000,0.13000000,0.14200000,-0.06000000,-0.07700000,0.13600001,-0.00400000,0.17200001,0.00400000,-0.01600000,-0.06000000,-0.26899999
-0.00300000,0.13000000,0.13300000,-0.06300000,-0.06800000,0.13100000,-0.00700000,0.16900000,0.00800000,-0.01100000,-0.06500000,-0.27100000
-0.00100000,0.13000000,0.13100000,-0.06500000,-0.06600000,0.13100000,-0.01100000,0.15899999,0.00600000,-0.01000000,-0.06600000,-0.26899999
-0.01500000,0.12899999,0.14399999,-0.05700000,-0.08000000,0.13699999,-0.01000000,0.13800000,-0.00200000,-0.01000000,-0.07200000,-0.27200001
-0.02000000,0.13100000,0.15099999,-0.05500000,-0.08500000,0.14100000,-0.00700000,0.13400000,0.00100000,-0.01000000,-0.07400000,-0.27500001
-0.02500000,0.12700000,0.15200000,-0.05100000,-0.08800000,0.13900000,-0.00400000,0.15000001,-0.01200000,-0.01000000,-0.08000000,-0.27500001
-0.03100000,0.12500000,0.15600000,-0.04800000,-0.09400000,0.14000000,-0.00500000,0.14000000,-0.00300000,-0.01000000,-0.10500000,-0.27500001
-0.03300000,0.12500000,0.15800001,-0.04600000,-0.09600000,0.14100000,-0.00500000,0.16300000,-0.02300000,-0.01800000,-0.11700000,-0.27500001
-0.03600000,0.12500000,0.16100000,-0.04500000,-0.09900000,0.14300001,-0.00500000,0.13300000,-0.01200000,-0.02100000,-0.14100000,-0.27500001
-0.03000000,0.12400000,0.15500000,-0.04700000,-0.09300000,0.13900000,-0.00600000,0.01400000,0.04200000,-0.01900000,-0.06600000,-0.27800000
-0.02100000,0.12600000,0.14700000,-0.05200000,-0.08500000,0.13600001,-0.01100000,-0.00900000,0.01100000,-0.02100000,0.01300000,-0.28200001
-0.00900000,0.12899999,0.13800000,-0.06000000,-0.07300000,0.13400000,-0.01400000,0.00700000,-0.00800000,-0.01900000,-0.00900000,-0.28600001
